abilities,against_bug,against_dark,against_dragon,against_electric,against_fairy,against_fight,against_fire,against_flying,against_ghost,against_grass,against_ground,against_ice,against_normal,against_poison,against_psychic,against_rock,against_steel,against_water,attack,base_egg_steps,base_happiness,base_total,capture_rate,classfication,defense,experience_growth,height_m,hp,japanese_name,name,percentage_male,pokedex_number,sp_attack,sp_defense,speed,type1,type2,weight_kg,generation,is_legendary
"['Shed Skin', 'Run Away']",1,1,1,1,1,0.5,2,2,1,0.5,0.5,1,1,1,1,2,1,1,25,3840,70,194,255,Cricket Pokémon,41,1059860,0.3,37,Korobohshiコロボーシ,Kricketot,50,401,25,41,25,bug,,2.2,4,0
"['Swarm', 'Technician']",1,1,1,1,1,0.5,2,2,1,0.5,0.5,1,1,1,1,2,1,1,85,3840,70,384,45,Cricket Pokémon,51,1059860,1,77,Korotockコロトック,Kricketune,50,402,55,51,65,bug,,25.5,4,0
"['Rivalry', 'Intimidate', 'Guts']",1,1,1,0.5,1,1,1,0.5,1,1,2,1,1,1,1,1,0.5,1,65,5120,70,263,235,Flash Pokémon,34,1059860,0.5,45,Kolinkコリンク,Shinx,50,403,40,34,45,electric,,9.5,4,0
"['Rivalry', 'Intimidate', 'Guts']",1,1,1,0.5,1,1,1,0.5,1,1,2,1,1,1,1,1,0.5,1,85,5120,100,363,120,Spark Pokémon,49,1059860,0.9,60,Luxioルクシオ,Luxio,50,404,60,49,60,electric,,30.5,4,0
"['Rivalry', 'Intimidate', 'Guts']",1,1,1,0.5,1,1,1,0.5,1,1,2,1,1,1,1,1,0.5,1,120,5120,70,523,45,Gleam Eyes Pokémon,79,1059860,1.4,80,Rentorarレントラー,Luxray,50,405,95,79,70,electric,,42,4,0
"['Natural Cure', 'Poison Point', 'Leaf Guard']",1,1,1,0.5,0.5,0.5,2,2,1,0.25,1,2,1,1,2,1,1,0.5,30,5120,70,280,255,Bud Pokémon,35,1059860,0.2,40,Subomieスボミー,Budew,50,406,50,70,55,grass,poison,1.2,4,0
"['Natural Cure', 'Poison Point', 'Technician']",1,1,1,0.5,0.5,0.5,2,2,1,0.25,1,2,1,1,2,1,1,0.5,70,5120,70,515,75,Bouquet Pokémon,65,1059860,0.9,60,Roseradeロズレイド,Roserade,50,407,125,105,90,grass,poison,14.5,4,0
"['Mold Breaker', 'Sheer Force']",1,1,1,1,1,2,0.5,0.5,1,2,2,1,0.5,0.5,1,1,2,2,125,7680,70,350,45,Head Butt Pokémon,40,600000,0.9,67,Zugaidosズガイドス,Cranidos,88.1,408,30,30,58,rock,,31.5,4,0
"['Mold Breaker', 'Sheer Force']",1,1,1,1,1,2,0.5,0.5,1,2,2,1,0.5,0.5,1,1,2,2,165,7680,70,495,45,Head Butt Pokémon,60,600000,1.6,97,Rampaldラムパルド,Rampardos,88.1,409,65,50,58,rock,,102.5,4,0
"['Sturdy', 'Soundproof']",0.5,1,0.5,1,0.5,4,1,0.25,1,1,4,0.5,0.25,0,0.5,0.5,1,2,42,7680,70,350,45,Shield Pokémon,118,600000,0.5,30,Tatetopsタテトプス,Shieldon,88.1,410,42,88,30,rock,steel,57,4,0
"['Sturdy', 'Soundproof']",0.5,1,0.5,1,0.5,4,1,0.25,1,1,4,0.5,0.25,0,0.5,0.5,1,2,52,7680,70,495,45,Shield Pokémon,168,600000,1.3,60,Toridepsトリデプス,Bastiodon,88.1,411,47,138,30,rock,steel,149.5,4,0
"['Shed Skin', 'Overcoat']",1,1,1,1,1,0.5,2,2,1,0.5,0.5,1,1,1,1,2,1,1,29,3840,70,224,120,Bagworm Pokémon,45,1000000,0.2,40,Minomucchiミノムッチ,Burmy,50,412,29,45,36,bug,,3.4,4,0
"['Anticipation', 'Overcoat']",2,1,1,0.5,1,0.5,4,4,1,0.25,0.25,2,1,2,1,2,1,0.5,69,3840,70,424,45,Bagworm Pokémon,95,1000000,0.5,60,Minomadam (kusaki No Mino)ミノマダム,Wormadam,0,413,69,95,36,bug,grass,6.5,4,0
"['Swarm', 'Tinted Lens']",0.5,1,1,2,1,0.25,2,2,1,0.25,0,2,1,1,1,4,1,1,94,3840,70,424,45,Moth Pokémon,50,1000000,0.9,70,Gamaleガーメイル,Mothim,100,414,94,50,66,bug,flying,23.3,4,0
"['Honey Gather', 'Hustle']",0.5,1,1,2,1,0.25,2,2,1,0.25,0,2,1,1,1,4,1,1,30,3840,70,244,120,Tiny Bee Pokémon,42,1059860,0.3,30,Mitsuhoneyミツハニー,Combee,88.1,415,30,42,70,bug,flying,5.5,4,0
"['Pressure', 'Unnerve']",0.5,1,1,2,1,0.25,2,2,1,0.25,0,2,1,1,1,4,1,1,80,3840,70,474,45,Beehive Pokémon,102,1059860,1.2,70,Beequenビークイン,Vespiquen,0,416,80,102,40,bug,flying,38.5,4,0
"['Run Away', 'Pickup', 'Volt Absorb']",1,1,1,0.5,1,1,1,0.5,1,1,2,1,1,1,1,1,0.5,1,45,2560,100,405,200,EleSquirrel Pokémon,70,1000000,0.4,60,Pachirisuパチリス,Pachirisu,50,417,45,90,95,electric,,3.9,4,0
"['Swift Swim', 'Water Veil']",1,1,1,2,1,1,0.5,1,1,2,1,0.5,1,1,1,1,0.5,0.5,65,5120,70,330,190,Sea Weasel Pokémon,35,1000000,0.7,55,Buoyselブイゼル,Buizel,50,418,60,30,85,water,,29.5,4,0
"['Swift Swim', 'Water Veil']",1,1,1,2,1,1,0.5,1,1,2,1,0.5,1,1,1,1,0.5,0.5,105,5120,70,495,75,Sea Weasel Pokémon,55,1000000,1.1,85,Floazelフローゼル,Floatzel,50,419,85,50,115,water,,33.5,4,0
['Chlorophyll'],2,1,1,0.5,1,1,2,2,1,0.5,0.5,2,1,2,1,1,1,0.5,35,5120,70,275,190,Cherry Pokémon,45,1000000,0.4,45,Cherinboチェリンボ,Cherubi,50,420,62,53,35,grass,,3.3,4,0
['Flower Gift'],2,1,1,0.5,1,1,2,2,1,0.5,0.5,2,1,2,1,1,1,0.5,60,5120,70,450,75,Blossom Pokémon,70,1000000,0.5,70,Cherrimチェリム,Cherrim,50,421,87,78,85,grass,,9.3,4,0
"['Sticky Hold', 'Storm Drain', 'Sand Force']",1,1,1,2,1,1,0.5,1,1,2,1,0.5,1,1,1,1,0.5,0.5,48,5120,70,325,190,Sea Slug Pokémon,48,1000000,0.3,76,Karanakushiカラナクシ,Shellos,50,422,57,62,34,water,,6.3,4,0
"['Sticky Hold', 'Storm Drain', 'Sand Force']",1,1,1,0,1,1,0.5,1,1,4,1,1,1,0.5,1,0.5,0.5,1,83,5120,70,475,75,Sea Slug Pokémon,68,1000000,0.9,111,Tritodonトリトドン,Gastrodon,50,423,92,82,39,water,ground,29.9,4,0
"['Technician', 'Pickup', 'Skill Link']",1,1,1,1,1,2,1,1,0,1,1,1,1,1,1,1,1,1,100,5120,100,482,45,Long Tail Pokémon,66,800000,1.2,75,Etebothエテボース,Ambipom,50,424,60,66,115,normal,,20.3,4,0
"['Aftermath', 'Unburden', 'Flare Boost']",0.25,2,1,2,1,0,1,1,2,0.5,0,2,0,0.5,1,2,1,1,50,7680,70,348,125,Balloon Pokémon,34,1640000,0.4,90,Fuwanteフワンテ,Drifloon,50,425,60,44,70,ghost,flying,1.2,4,0
"['Aftermath', 'Unburden', 'Flare Boost']",0.25,2,1,2,1,0,1,1,2,0.5,0,2,0,0.5,1,2,1,1,80,7680,70,498,60,Blimp Pokémon,44,1640000,1.2,150,Fuwarideフワライド,Drifblim,50,426,90,54,80,ghost,flying,15,4,0
"['Run Away', 'Klutz', 'Limber']",1,1,1,1,1,2,1,1,0,1,1,1,1,1,1,1,1,1,66,5120,0,350,190,Rabbit Pokémon,44,1000000,0.4,55,Mimirolミミロル,Buneary,50,427,44,56,85,normal,,5.5,4,0
"['Cute Charm', 'Klutz', 'Limber']",1,1,1,1,1,2,1,1,0,1,1,1,1,1,1,1,1,1,136,5120,140,580,60,Rabbit Pokémon,94,1000000,1.2,65,Mimilopミミロップ,Lopunny,50,428,54,96,135,normal,,33.3,4,0
['Levitate'],0.5,2,1,1,1,0,1,1,2,1,1,1,0,0.5,1,1,1,1,60,6400,35,495,45,Magical Pokémon,60,800000,0.9,60,Mumargiムウマージ,Mismagius,50,429,105,105,105,ghost,,4.4,4,0
"['Insomnia', 'Super Luck', 'Moxie']",1,0.5,1,2,2,1,1,1,0.5,0.5,0,2,1,1,0,2,1,1,125,5120,35,505,30,Big Boss Pokémon,52,1059860,0.9,100,Dongkarasuドンカラス,Honchkrow,50,430,105,52,71,dark,flying,27.3,4,0
"['Limber', 'Own Tempo', 'Keen Eye']",1,1,1,1,1,2,1,1,0,1,1,1,1,1,1,1,1,1,55,5120,70,310,190,Catty Pokémon,42,800000,0.5,49,Nyarmarニャルマー,Glameow,24.6,431,42,37,85,normal,,3.9,4,0
"['Thick Fat', 'Own Tempo', 'Defiant']",1,1,1,1,1,2,1,1,0,1,1,1,1,1,1,1,1,1,82,5120,70,452,75,Tiger Cat Pokémon,64,800000,1,71,Bunyattoブニャット,Purugly,24.6,432,64,59,112,normal,,43.8,4,0
['Levitate'],2,2,1,1,1,0.5,1,1,2,1,1,1,1,1,0.5,1,1,1,30,6400,70,285,120,Bell Pokémon,50,800000,0.2,45,Lisyanリーシャン,Chingling,50,433,65,50,45,psychic,,0.6,4,0
"['Stench', 'Aftermath', 'Keen Eye']",1,0.5,1,1,1,1,1,1,0.5,0.5,2,1,1,0.5,0,1,1,1,63,5120,70,329,225,Skunk Pokémon,47,1000000,0.4,63,Skunpuuスカンプー,Stunky,50,434,41,41,74,poison,dark,19.2,4,0
"['Stench', 'Aftermath', 'Keen Eye']",1,0.5,1,1,1,1,1,1,0.5,0.5,2,1,1,0.5,0,1,1,1,93,5120,70,479,60,Skunk Pokémon,67,1000000,1,103,Skutankスカタンク,Skuntank,50,435,71,61,84,poison,dark,38,4,0
"['Levitate', 'Heatproof', 'Heavy Metal']",1,2,0.5,1,0.5,1,2,0.5,2,0.5,2,0.5,0.5,0,0.25,0.5,0.5,1,24,5120,70,300,255,Bronze Pokémon,86,1000000,0.5,57,Dohmirrorドーミラー,Bronzor,,436,24,86,23,steel,psychic,60.5,4,0
"['Levitate', 'Heatproof', 'Heavy Metal']",1,2,0.5,1,0.5,1,2,0.5,2,0.5,2,0.5,0.5,0,0.25,0.5,0.5,1,89,5120,70,500,90,Bronze Bell Pokémon,116,1000000,1.3,67,Dohtakunドータクン,Bronzong,,437,79,116,33,steel,psychic,187,4,0
"['Sturdy', 'Rock Head', 'Rattled']",1,1,1,1,1,2,0.5,0.5,1,2,2,1,0.5,0.5,1,1,2,2,80,5120,70,290,255,Bonsai Pokémon,95,1000000,0.5,50,Usohachiウソハチ,Bonsly,50,438,10,45,10,rock,,15,4,0
"['Soundproof', 'Filter', 'Technician']",1,1,0,1,1,0.25,1,1,2,1,1,1,1,2,0.5,1,2,1,25,6400,70,310,145,Mime Pokémon,45,1000000,0.6,20,Maneneマネネ,Mime Jr.,50,439,70,90,60,psychic,fairy,13,4,0
"['Natural Cure', 'Serene Grace', 'Friend Guard']",1,1,1,1,1,2,1,1,0,1,1,1,1,1,1,1,1,1,5,10240,140,220,130,Playhouse Pokémon,5,800000,0.6,100,Pinpukuピンプク,Happiny,0,440,15,65,30,normal,,24.4,4,0
"['Keen Eye', 'Tangled Feet', 'Big Pecks']",0.5,1,1,2,1,1,1,1,0,0.5,0,2,1,1,1,2,1,1,65,5120,35,411,30,Music Note Pokémon,45,1059860,0.5,76,Perapペラップ,Chatot,50,441,92,42,91,normal,flying,1.9,4,0
"['Pressure', 'Infiltrator']",1,1,1,1,2,0,1,1,1,1,1,1,0,0.5,0,1,1,1,92,7680,70,485,100,Forbidden Pokémon,108,1000000,1,50,Mikarugeミカルゲ,Spiritomb,50,442,92,108,35,ghost,dark,108,4,0
"['Sand Veil', 'Rough Skin']",1,1,2,0,2,1,0.5,1,1,1,1,4,1,0.5,1,0.5,1,1,70,10240,70,300,45,Land Shark Pokémon,45,1250000,0.7,58,Fukamaruフカマル,Gible,50,443,40,45,42,dragon,ground,20.5,4,0
"['Sand Veil', 'Rough Skin']",1,1,2,0,2,1,0.5,1,1,1,1,4,1,0.5,1,0.5,1,1,90,10240,70,410,45,Cave Pokémon,65,1250000,1.4,68,Gabiteガバイト,Gabite,50,444,50,55,82,dragon,ground,56,4,0
"['Sand Veil', 'Rough Skin']",1,1,2,0,2,1,0.5,1,1,1,1,4,1,0.5,1,0.5,1,1,170,10240,70,700,45,Mach Pokémon,115,1250000,1.9,108,Gaburiasガブリアス,Garchomp,50,445,120,95,92,dragon,ground,95,4,0
"['Pickup', 'Thick Fat', 'Gluttony']",1,1,1,1,1,2,1,1,0,1,1,1,1,1,1,1,1,1,85,10240,70,390,50,Big Eater Pokémon,40,1250000,0.6,135,Gonbeゴンベ,Munchlax,88.1,446,40,85,5,normal,,105,4,0
"['Steadfast', 'Inner Focus', 'Prankster']",0.5,0.5,1,1,2,1,1,2,1,1,1,1,1,1,2,0.5,1,1,70,6400,70,285,75,Emanation Pokémon,40,1059860,0.7,40,Rioluリオル,Riolu,88.1,447,35,40,60,fighting,,20.2,4,0
"['Steadfast', 'Inner Focus', 'Justified']",0.25,0.5,0.5,1,1,2,2,1,1,0.5,2,0.5,0.5,0,1,0.25,0.5,1,145,6400,70,625,45,Aura Pokémon,88,1059860,1.2,70,Lucarioルカリオ,Lucario,88.1,448,140,70,112,fighting,steel,54,4,0
"['Sand Stream', 'Sand Force']",1,1,1,0,1,1,1,1,1,2,1,2,1,0.5,1,0.5,1,2,72,7680,70,330,140,Hippo Pokémon,78,1250000,0.8,68,Hippopotasヒポポタス,Hippopotas,50,449,38,42,32,ground,,49.5,4,0
"['Sand Stream', 'Sand Force']",1,1,1,0,1,1,1,1,1,2,1,2,1,0.5,1,0.5,1,2,112,7680,70,525,60,Heavyweight Pokémon,118,1250000,2,108,Kabaldonカバルドン,Hippowdon,50,450,68,72,47,ground,,300,4,0
"['Battle Armor', 'Sniper', 'Keen Eye']",0.5,1,1,1,0.5,0.25,2,2,1,0.25,1,1,1,0.5,2,2,1,1,50,5120,70,330,120,Scorpion Pokémon,90,1250000,0.8,40,Scorupiスコルピ,Skorupi,50,451,30,55,65,poison,bug,12,4,0
"['Battle Armor', 'Sniper', 'Keen Eye']",1,0.5,1,1,1,1,1,1,0.5,0.5,2,1,1,0.5,0,1,1,1,90,5120,70,500,45,Ogre Scorp Pokémon,110,1250000,1.3,70,Dorapionドラピオン,Drapion,50,452,60,75,95,poison,dark,61.5,4,0
"['Anticipation', 'Dry Skin', 'Poison Touch']",0.25,0.5,1,1,1,0.5,1,2,1,0.5,2,1,1,0.5,4,0.5,1,1,61,2560,100,300,140,Toxic Mouth Pokémon,40,1000000,0.7,48,Gureggruグレッグル,Croagunk,50,453,61,40,50,poison,fighting,23,4,0
"['Anticipation', 'Dry Skin', 'Poison Touch']",0.25,0.5,1,1,1,0.5,1,2,1,0.5,2,1,1,0.5,4,0.5,1,1,106,5120,70,490,75,Toxic Mouth Pokémon,65,1000000,1.3,83,Dokurogドクロッグ,Toxicroak,50,454,86,65,85,poison,fighting,44.4,4,0
['Levitate'],2,1,1,0.5,1,1,2,2,1,0.5,0.5,2,1,2,1,1,1,0.5,100,6400,70,454,200,Bug Catcher Pokémon,72,1250000,1.4,74,Muskippaマスキッパ,Carnivine,50,455,90,72,46,grass,,27,4,0
"['Swift Swim', 'Storm Drain', 'Water Veil']",1,1,1,2,1,1,0.5,1,1,2,1,0.5,1,1,1,1,0.5,0.5,49,5120,70,330,190,Wing Fish Pokémon,56,600000,0.4,49,Keikouoケイコウオ,Finneon,50,456,49,61,66,water,,7,4,0
"['Swift Swim', 'Storm Drain', 'Water Veil']",1,1,1,2,1,1,0.5,1,1,2,1,0.5,1,1,1,1,0.5,0.5,69,5120,70,460,75,Neon Pokémon,76,600000,1.2,69,Neolantネオラント,Lumineon,50,457,69,86,91,water,,24,4,0
"['Swift Swim', 'Water Absorb', 'Water Veil']",0.5,1,1,4,1,0.5,0.5,1,1,1,0,1,1,1,1,2,0.5,0.5,20,6400,70,345,25,Kite Pokémon,50,1250000,1,45,Tamantaタマンタ,Mantyke,50,458,60,120,50,water,flying,65,4,0
"['Snow Warning', 'Soundproof']",2,1,1,0.5,1,2,4,2,1,0.5,0.5,1,1,2,1,2,2,0.5,62,5120,70,334,120,Frosted Tree Pokémon,50,1250000,1,60,Yukikaburiユキカブリ,Snover,50,459,62,60,40,grass,ice,50.5,4,0
"['Snow Warning', 'Soundproof']",2,1,1,0.5,1,2,4,2,1,0.5,0.5,1,1,2,1,2,2,0.5,132,5120,70,594,60,Frosted Tree Pokémon,105,1250000,2.2,90,Yukinoohユキノオー,Abomasnow,50,460,132,105,30,grass,ice,135.5,4,0
"['Pressure', 'Pickpocket']",2,0.5,1,1,2,4,2,1,0.5,1,1,0.5,1,1,0,2,2,1,120,5120,35,510,45,Sharp Claw Pokémon,65,1059860,1.1,70,Manyulaマニューラ,Weavile,50,461,45,85,125,dark,ice,34,4,0
"['Magnet Pull', 'Sturdy', 'Analytic']",0.5,1,0.5,0.5,0.5,2,2,0.25,1,0.5,4,0.5,0.5,0,0.5,0.5,0.25,1,70,5120,70,535,30,Magnet Area Pokémon,115,1000000,1.2,70,Jibacoilジバコイル,Magnezone,,462,130,90,60,electric,steel,180,4,0
"['Own Tempo', 'Oblivious', 'Cloud Nine']",1,1,1,1,1,2,1,1,0,1,1,1,1,1,1,1,1,1,85,5120,70,515,30,Licking Pokémon,95,1000000,1.7,110,Berobeltベロベルト,Lickilicky,50,463,80,95,50,normal,,140,4,0
"['Lightningrod', 'Solid Rock', 'Reckless']",1,1,1,0,1,2,0.5,0.5,1,4,2,2,0.5,0.25,1,0.5,2,4,140,5120,70,535,30,Drill Pokémon,130,1250000,2.4,115,Dosidonドサイドン,Rhyperior,50,464,55,55,40,ground,rock,282.8,4,0
"['Chlorophyll', 'Leaf Guard', 'Regenerator']",2,1,1,0.5,1,1,2,2,1,0.5,0.5,2,1,2,1,1,1,0.5,100,5120,70,535,30,Vine Pokémon,125,1000000,2,100,Mojumboモジャンボ,Tangrowth,50,465,110,50,50,grass,,128.6,4,0
"['Motor Drive', 'Vital Spirit']",1,1,1,0.5,1,1,1,0.5,1,1,2,1,1,1,1,1,0.5,1,123,6400,70,540,30,Thunderbolt Pokémon,67,1000000,1.8,75,Elekibleエレキブル,Electivire,75.4,466,95,85,95,electric,,138.6,4,0
"['Flame Body', 'Vital Spirit']",0.5,1,1,1,0.5,1,0.5,1,1,0.5,2,0.5,1,1,1,2,0.5,2,95,6400,70,540,30,Blast Pokémon,67,1000000,1.6,75,Booburnブーバーン,Magmortar,75.4,467,125,95,83,fire,,68,4,0
"['Hustle', 'Serene Grace', 'Super Luck']",0.25,0.5,0,2,1,0.25,1,1,1,0.5,0,2,1,2,1,2,2,1,50,2560,70,545,30,Jubilee Pokémon,95,800000,1.5,85,Togekissトゲキッス,Togekiss,88.1,468,120,115,80,fairy,flying,38,4,0
"['Speed Boost', 'Tinted Lens', 'Frisk']",0.5,1,1,2,1,0.25,2,2,1,0.25,0,2,1,1,1,4,1,1,76,5120,70,515,30,Ogre Darner Pokémon,86,1000000,1.9,86,Megayanmaメガヤンマ,Yanmega,50,469,116,56,95,bug,flying,51.5,4,0
"['Leaf Guard', 'Chlorophyll']",2,1,1,0.5,1,1,2,2,1,0.5,0.5,2,1,2,1,1,1,0.5,110,8960,35,525,45,Verdant Pokémon,130,1000000,1,65,Leafiaリーフィア,Leafeon,88.1,470,60,65,95,grass,,25.5,4,0
"['Snow Cloak', 'Ice Body']",1,1,1,1,1,2,2,1,1,1,1,0.5,1,1,1,2,2,1,60,8960,35,525,45,Fresh Snow Pokémon,110,1000000,0.8,65,Glaciaグレイシア,Glaceon,88.1,471,130,95,65,ice,,25.9,4,0
"['Hyper Cutter', 'Sand Veil', 'Poison Heal']",0.5,1,1,0,1,0.5,1,1,1,1,0,4,1,0.5,1,1,1,2,95,5120,70,510,30,Fang Scorp Pokémon,125,1059860,2,75,Glionグライオン,Gliscor,50,472,45,75,95,ground,flying,42.5,4,0
"['Oblivious', 'Snow Cloak', 'Thick Fat']",1,1,1,0,1,2,2,1,1,2,1,1,1,0.5,1,1,2,2,130,5120,70,530,50,Twin Tusk Pokémon,80,1250000,2.5,110,Mammooマンムー,Mamoswine,50,473,70,60,80,ice,ground,291,4,0
"['Adaptability', 'Download', 'Analytic']",1,1,1,1,1,2,1,1,0,1,1,1,1,1,1,1,1,1,80,5120,70,535,30,Virtual Pokémon,70,1000000,0.9,85,Porygon-zポリゴンＺ,Porygon-Z,,474,135,75,90,normal,,34,4,0
"['Steadfast', 'Justified']",1,1,1,1,2,0.5,1,2,2,1,1,1,1,1,1,0.5,1,1,165,5120,35,618,45,Blade Pokémon,95,1250000,1.6,68,Erureidoエルレイド,Gallade,100,475,65,115,110,psychic,fighting,52,4,0
"['Sturdy', 'Magnet Pull', 'Sand Force']",0.5,1,0.5,1,0.5,4,1,0.25,1,1,4,0.5,0.25,0,0.5,0.5,1,2,55,5120,70,525,60,Compass Pokémon,145,1000000,1.4,60,Dainoseダイノーズ,Probopass,50,476,75,150,40,rock,steel,340,4,0
"['Pressure', 'Frisk']",0.5,2,1,1,1,0,1,1,2,1,1,1,0,0.5,1,1,1,1,100,6400,35,525,45,Gripper Pokémon,135,800000,2.2,45,Yonoirヨノワール,Dusknoir,50,477,65,135,45,ghost,,106.6,4,0
"['Snow Cloak', 'Cursed Body']",0.5,2,1,1,1,0,2,1,2,1,1,0.5,0,0.5,1,2,2,1,80,5120,70,480,75,Snow Land Pokémon,70,1000000,1.3,70,Yukimenokoユキメノコ,Froslass,0,478,80,70,110,ice,ghost,26.6,4,0
['Levitate'],0.5,2,1,0.5,1,0,1,0.5,2,1,2,1,0,0.5,1,1,0.5,1,65,5120,70,520,45,Plasma Pokémon,107,1000000,0.3,50,Rotomロトム,Rotom,,479,105,107,86,electric,ghost,0.3,4,0
['Levitate'],2,2,1,1,1,0.5,1,1,2,1,1,1,1,1,0.5,1,1,1,75,20480,140,580,3,Knowledge Pokémon,130,1250000,0.3,75,Yuxieユクシー,Uxie,,480,75,130,95,psychic,,0.3,4,1
['Levitate'],2,2,1,1,1,0.5,1,1,2,1,1,1,1,1,0.5,1,1,1,105,20480,140,580,3,Emotion Pokémon,105,1250000,0.3,80,Emritエムリット,Mesprit,,481,105,105,80,psychic,,0.3,4,1
['Levitate'],2,2,1,1,1,0.5,1,1,2,1,1,1,1,1,0.5,1,1,1,125,20480,140,580,3,Willpower Pokémon,70,1250000,0.3,75,Agnomeアグノム,Azelf,,482,125,70,115,psychic,,0.3,4,1
"['Pressure', 'Telepathy']",0.5,1,1,0.5,1,2,1,0.5,1,0.25,2,1,0.5,0,0.5,0.5,0.5,0.5,120,30720,0,680,3,Temporal Pokémon,120,1250000,5.4,100,Dialgaディアルガ,Dialga,,483,150,100,90,steel,dragon,683,4,1
"['Pressure', 'Telepathy']",1,1,2,1,2,1,0.25,1,1,1,1,1,1,1,1,1,0.5,0.25,120,30720,0,680,3,Spatial Pokémon,100,1250000,4.2,90,Palkiaパルキア,Palkia,,484,150,120,100,water,dragon,336,4,1
"['Flash Fire', 'Flame Body']",0.25,1,0.5,1,0.25,2,1,0.5,1,0.25,4,0.25,0.5,0,0.5,1,0.25,2,90,2560,100,600,3,Lava Dome Pokémon,106,1250000,1.7,91,Heatranヒードラン,Heatran,50,485,130,106,77,fire,steel,430,4,1
['Slow Start'],1,1,1,1,1,2,1,1,0,1,1,1,1,1,1,1,1,1,160,30720,0,670,3,Colossal Pokémon,110,1250000,3.7,110,Regigigasレジギガス,Regigigas,,486,80,110,100,normal,,420,4,1
"['Pressure', 'Telepathy', 'Levitate']",0.5,2,2,0.5,2,0,0.5,1,2,0.5,1,2,0,0.5,1,1,1,0.5,120,30720,0,680,3,Renegade Pokémon,100,1250000,4.5,150,Giratina (another Forme)ギラティナ,Giratina,,487,120,100,90,ghost,dragon,750,4,1
['Levitate'],2,2,1,1,1,0.5,1,1,2,1,1,1,1,1,0.5,1,1,1,70,30720,100,600,3,Lunar Pokémon,120,1250000,1.5,120,Cresseliaクレセリア,Cresselia,0,488,75,130,85,psychic,,85.6,4,1
['Hydration'],1,1,1,2,1,1,0.5,1,1,2,1,0.5,1,1,1,1,0.5,0.5,80,10240,70,480,30,Sea Drifter Pokémon,80,1250000,0.4,80,Phioneフィオネ,Phione,,489,80,80,80,water,,3.1,4,0
['Hydration'],1,1,1,2,1,1,0.5,1,1,2,1,0.5,1,1,1,1,0.5,0.5,100,2560,70,600,3,Seafaring Pokémon,100,1250000,0.3,100,Manaphyマナフィ,Manaphy,,490,100,100,100,water,,1.4,4,1
['Bad Dreams'],2,0.5,1,1,2,2,1,1,0.5,1,1,1,1,1,0,1,1,1,90,30720,0,600,3,Pitch-Black Pokémon,90,1250000,1.5,70,Darkraiダークライ,Darkrai,,491,135,90,125,dark,,50.5,4,1
"['Natural Cure', 'Serene Grace']",2,1,1,0.5,1,1,2,2,1,0.5,0.5,2,1,2,1,1,1,0.5,103,30720,100,600,45,Gratitude Pokémon,75,1059860,0.2,100,Shaymin (sky Forme)シェイミ,Shaymin,,492,120,75,127,grass,grass,2.1,4,1
['Multitype'],1,1,1,1,1,2,1,1,0,1,1,1,1,1,1,1,1,1,120,30720,0,720,3,Alpha Pokémon,120,1250000,3.2,120,Arceusアルセウス,Arceus,,493,120,120,120,normal,,320,4,1
['Victory Star'],1,2,1,1,0.5,0.5,0.5,1,2,0.5,2,0.5,1,1,0.5,2,0.5,2,100,30720,100,600,3,Victory Pokémon,100,1250000,0.4,100,Victiniビクティニ,Victini,,494,100,100,100,psychic,fire,4,5,1
"['Overgrow', 'Contrary']",2,1,1,0.5,1,1,2,2,1,0.5,0.5,2,1,2,1,1,1,0.5,45,5120,70,308,45,Grass Snake Pokémon,55,1059860,0.6,45,Tsutarjaツタージャ,Snivy,88.1,495,45,55,63,grass,,8.1,5,0
"['Overgrow', 'Contrary']",2,1,1,0.5,1,1,2,2,1,0.5,0.5,2,1,2,1,1,1,0.5,60,5120,70,413,45,Grass Snake Pokémon,75,1059860,0.8,60,Janovyジャノビー,Servine,88.1,496,60,75,83,grass,,16,5,0
"['Overgrow', 'Contrary']",2,1,1,0.5,1,1,2,2,1,0.5,0.5,2,1,2,1,1,1,0.5,75,5120,70,528,45,Regal Pokémon,95,1059860,3.3,75,Jalordaジャローダ,Serperior,88.1,497,75,95,113,grass,,63,5,0
"['Blaze', 'Thick Fat']",0.5,1,1,1,0.5,1,0.5,1,1,0.5,2,0.5,1,1,1,2,0.5,2,63,5120,70,308,45,Fire Pig Pokémon,45,1059860,0.5,65,Pokabuポカブ,Tepig,88.1,498,45,45,45,fire,,9.9,5,0
"['Blaze', 'Thick Fat']",0.25,0.5,1,1,1,1,0.5,2,1,0.5,2,0.5,1,1,2,1,0.5,2,93,5120,70,418,45,Fire Pig Pokémon,55,1059860,1,90,Chaobooチャオブー,Pignite,88.1,499,70,55,55,fire,fighting,55.5,5,0
"['Blaze', 'Reckless']",0.25,0.5,1,1,1,1,0.5,2,1,0.5,2,0.5,1,1,2,1,0.5,2,123,5120,70,528,45,Mega Fire Pig Pokémon,65,1059860,1.6,110,Enbuohエンブオー,Emboar,88.1,500,100,65,65,fire,fighting,150,5,0
"['Torrent', 'Shell Armor']",1,1,1,2,1,1,0.5,1,1,2,1,0.5,1,1,1,1,0.5,0.5,55,5120,70,308,45,Sea Otter Pokémon,45,1059860,0.5,55,Mijumaruミジュマル,Oshawott,88.1,501,63,45,45,water,,5.9,5,0
"['Torrent', 'Shell Armor']",1,1,1,2,1,1,0.5,1,1,2,1,0.5,1,1,1,1,0.5,0.5,75,5120,70,413,45,Discipline Pokémon,60,1059860,0.8,75,Futachimaruフタチマル,Dewott,88.1,502,83,60,60,water,,24.5,5,0
"['Torrent', 'Shell Armor']",1,1,1,2,1,1,0.5,1,1,2,1,0.5,1,1,1,1,0.5,0.5,100,5120,70,528,45,Formidable Pokémon,85,1059860,1.5,95,Daikenkiダイケンキ,Samurott,88.1,503,108,70,70,water,,94.6,5,0
"['Run Away', 'Keen Eye', 'Analytic']",1,1,1,1,1,2,1,1,0,1,1,1,1,1,1,1,1,1,55,3840,70,255,255,Scout Pokémon,39,1000000,0.5,45,Minezumiミネズミ,Patrat,50,504,35,39,42,normal,,11.6,5,0
"['Illuminate', 'Keen Eye', 'Analytic']",1,1,1,1,1,2,1,1,0,1,1,1,1,1,1,1,1,1,85,5120,70,420,255,Lookout Pokémon,69,1000000,1.1,60,Miruhogミルホッグ,Watchog,50,505,60,69,77,normal,,27,5,0
"['Vital Spirit', 'Pickup', 'Run Away']",1,1,1,1,1,2,1,1,0,1,1,1,1,1,1,1,1,1,60,3840,70,275,255,Puppy Pokémon,45,1059860,0.4,45,Yorterrieヨーテリー,Lillipup,50,506,25,45,55,normal,,4.1,5,0
"['Intimidate', 'Sand Rush', 'Scrappy']",1,1,1,1,1,2,1,1,0,1,1,1,1,1,1,1,1,1,80,3840,70,370,120,Loyal Dog Pokémon,65,1059860,0.9,65,Herderrieハーデリア,Herdier,50,507,35,65,60,normal,,14.7,5,0
"['Intimidate', 'Sand Rush', 'Scrappy']",1,1,1,1,1,2,1,1,0,1,1,1,1,1,1,1,1,1,110,3840,70,500,45,Big-Hearted Pokémon,90,1059860,1.2,85,Moolandムーランド,Stoutland,50,508,45,90,80,normal,,61,5,0
"['Limber', 'Unburden', 'Prankster']",2,0.5,1,1,2,2,1,1,0.5,1,1,1,1,1,0,1,1,1,50,5120,70,281,255,Devious Pokémon,37,1000000,0.4,41,Choronekoチョロネコ,Purrloin,50,509,50,37,66,dark,,10.1,5,0
"['Limber', 'Unburden', 'Prankster']",2,0.5,1,1,2,2,1,1,0.5,1,1,1,1,1,0,1,1,1,88,5120,70,446,90,Cruel Pokémon,50,1000000,1.1,64,Lepardasレパルダス,Liepard,50,510,88,50,106,dark,,37.5,5,0
"['Gluttony', 'Overgrow']",2,1,1,0.5,1,1,2,2,1,0.5,0.5,2,1,2,1,1,1,0.5,53,5120,70,316,190,Grass Monkey Pokémon,48,1000000,0.6,50,Yanappuヤナップ,Pansage,88.1,511,53,48,64,grass,,10.5,5,0
"['Gluttony', 'Overgrow']",2,1,1,0.5,1,1,2,2,1,0.5,0.5,2,1,2,1,1,1,0.5,98,5120,70,498,75,Thorn Monkey Pokémon,63,1000000,1.1,75,Yanakkieヤナッキー,Simisage,88.1,512,98,63,101,grass,,30.5,5,0
"['Gluttony', 'Blaze']",0.5,1,1,1,0.5,1,0.5,1,1,0.5,2,0.5,1,1,1,2,0.5,2,53,5120,70,316,190,High Temp Pokémon,48,1000000,0.6,50,Baoppuバオップ,Pansear,88.1,513,53,48,64,fire,,11,5,0
"['Gluttony', 'Blaze']",0.5,1,1,1,0.5,1,0.5,1,1,0.5,2,0.5,1,1,1,2,0.5,2,98,5120,70,498,75,Ember Pokémon,63,1000000,1,75,Baokkieバオッキー,Simisear,88.1,514,98,63,101,fire,,28,5,0
"['Gluttony', 'Torrent']",1,1,1,2,1,1,0.5,1,1,2,1,0.5,1,1,1,1,0.5,0.5,53,5120,70,316,190,Spray Pokémon,48,1000000,0.6,50,Hiyappuヒヤップ,Panpour,88.1,515,53,48,64,water,,13.5,5,0
"['Gluttony', 'Torrent']",1,1,1,2,1,1,0.5,1,1,2,1,0.5,1,1,1,1,0.5,0.5,98,5120,70,498,75,Geyser Pokémon,63,1000000,1,75,Hiyakkieヒヤッキー,Simipour,88.1,516,98,63,101,water,,29,5,0
"['Forewarn', 'Synchronize', 'Telepathy']",2,2,1,1,1,0.5,1,1,2,1,1,1,1,1,0.5,1,1,1,25,2560,70,292,190,Dream Eater Pokémon,45,800000,0.6,76,Munnaムンナ,Munna,50,517,67,55,24,psychic,,23.3,5,0
"['Forewarn', 'Synchronize', 'Telepathy']",2,2,1,1,1,0.5,1,1,2,1,1,1,1,1,0.5,1,1,1,55,2560,70,487,75,Drowsing Pokémon,85,800000,1.1,116,Musharnaムシャーナ,Musharna,50,518,107,95,29,psychic,,60.5,5,0
"['Big Pecks', 'Super Luck', 'Rivalry']",0.5,1,1,2,1,1,1,1,0,0.5,0,2,1,1,1,2,1,1,55,3840,70,264,255,Tiny Pigeon Pokémon,50,1059860,0.3,50,Mamepatoマメパト,Pidove,50,519,36,30,43,normal,flying,2.1,5,0
"['Big Pecks', 'Super Luck', 'Rivalry']",0.5,1,1,2,1,1,1,1,0,0.5,0,2,1,1,1,2,1,1,77,3840,70,358,120,Wild Pigeon Pokémon,62,1059860,0.6,62,Hatobohハトーボー,Tranquill,50,520,50,42,65,normal,flying,15,5,0
"['Big Pecks', 'Super Luck', 'Rivalry']",0.5,1,1,2,1,1,1,1,0,0.5,0,2,1,1,1,2,1,1,115,3840,70,488,45,Proud Pokémon,80,1059860,1.2,80,Kenhallowケンホロウ,Unfezant,50,521,65,55,93,normal,flying,29,5,0
"['Lightningrod', 'Motor Drive', 'Sap Sipper']",1,1,1,0.5,1,1,1,0.5,1,1,2,1,1,1,1,1,0.5,1,60,5120,70,295,190,Electrified Pokémon,32,1000000,0.8,45,Shimamaシママ,Blitzle,50,522,50,32,76,electric,,29.8,5,0
"['Lightningrod', 'Motor Drive', 'Sap Sipper']",1,1,1,0.5,1,1,1,0.5,1,1,2,1,1,1,1,1,0.5,1,100,5120,70,497,75,Thunderbolt Pokémon,63,1000000,1.6,75,Zebraikaゼブライカ,Zebstrika,50,523,80,63,116,electric,,79.5,5,0
"['Sturdy', 'Weak Armor', 'Sand Force']",1,1,1,1,1,2,0.5,0.5,1,2,2,1,0.5,0.5,1,1,2,2,75,3840,70,280,255,Mantle Pokémon,85,1059860,0.4,55,Dangoroダンゴロ,Roggenrola,50,524,25,25,15,rock,,18,5,0
"['Sturdy', 'Weak Armor', 'Sand Force']",1,1,1,1,1,2,0.5,0.5,1,2,2,1,0.5,0.5,1,1,2,2,105,3840,70,390,120,Ore Pokémon,105,1059860,0.9,70,Gantleガントル,Boldore,50,525,50,40,20,rock,,102,5,0
"['Sturdy', 'Sand Stream', 'Sand Force']",1,1,1,1,1,2,0.5,0.5,1,2,2,1,0.5,0.5,1,1,2,2,135,3840,70,515,45,Compressed Pokémon,130,1059860,1.7,85,Gigaiathギガイアス,Gigalith,50,526,60,80,25,rock,,260,5,0
"['Unaware', 'Klutz', 'Simple']",1,2,1,2,1,0.25,1,1,2,0.5,0,2,1,1,0.5,2,1,1,45,3840,70,323,190,Bat Pokémon,43,1000000,0.4,65,Koromoriコロモリ,Woobat,50,527,55,43,72,psychic,flying,2.1,5,0
"['Unaware', 'Klutz', 'Simple']",1,2,1,2,1,0.25,1,1,2,0.5,0,2,1,1,0.5,2,1,1,57,3840,70,425,45,Courting Pokémon,55,1000000,0.9,67,Kokoromoriココロモリ,Swoobat,50,528,77,55,114,psychic,flying,10.5,5,0
"['Sand Rush', 'Sand Force', 'Mold Breaker']",1,1,1,0,1,1,1,1,1,2,1,2,1,0.5,1,0.5,1,2,85,5120,70,328,120,Mole Pokémon,40,1000000,0.3,60,Mogurewモグリュー,Drilbur,50,529,30,45,68,ground,,8.5,5,0
"['Sand Rush', 'Sand Force', 'Mold Breaker']",0.5,1,0.5,0,0.5,2,2,0.5,1,1,2,1,0.5,0,0.5,0.25,0.5,2,135,5120,70,508,60,Subterrene Pokémon,60,1000000,0.7,110,Doryuzuドリュウズ,Excadrill,50,530,50,65,88,ground,steel,40.4,5,0
"['Healer', 'Regenerator', 'Klutz']",1,1,1,1,1,2,1,1,0,1,1,1,1,1,1,1,1,1,60,5120,70,545,255,Hearing Pokémon,126,800000,1.1,103,Tabunneタブンネ,Audino,50,531,80,126,50,normal,,31,5,0
"['Guts', 'Sheer Force', 'Iron Fist']",0.5,0.5,1,1,2,1,1,2,1,1,1,1,1,1,2,0.5,1,1,80,5120,70,305,180,Muscular Pokémon,55,1059860,0.6,75,Dokkorerドッコラー,Timburr,75.4,532,25,35,35,fighting,,12.5,5,0
"['Guts', 'Sheer Force', 'Iron Fist']",0.5,0.5,1,1,2,1,1,2,1,1,1,1,1,1,2,0.5,1,1,105,5120,70,405,90,Muscular Pokémon,85,1059860,1.2,85,Dotekkotsuドテッコツ,Gurdurr,75.4,533,40,50,40,fighting,,40,5,0
"['Guts', 'Sheer Force', 'Iron Fist']",0.5,0.5,1,1,2,1,1,2,1,1,1,1,1,1,2,0.5,1,1,140,5120,70,505,45,Muscular Pokémon,95,1059860,1.4,105,Roubushinローブシン,Conkeldurr,75.4,534,55,65,45,fighting,,87,5,0
"['Swift Swim', 'Hydration', 'Water Absorb']",1,1,1,2,1,1,0.5,1,1,2,1,0.5,1,1,1,1,0.5,0.5,50,5120,70,294,255,Tadpole Pokémon,40,1059860,0.5,50,Otamaroオタマロ,Tympole,50,535,50,40,64,water,,4.5,5,0
"['Swift Swim', 'Hydration', 'Water Absorb']",1,1,1,0,1,1,0.5,1,1,4,1,1,1,0.5,1,0.5,0.5,1,65,5120,70,384,120,Vibration Pokémon,55,1059860,0.8,75,Gamagaruガマガル,Palpitoad,50,536,65,55,69,water,ground,17,5,0
"['Swift Swim', 'Poison Touch', 'Water Absorb']",1,1,1,0,1,1,0.5,1,1,4,1,1,1,0.5,1,0.5,0.5,1,95,5120,70,509,45,Vibration Pokémon,75,1059860,1.5,105,Gamagerogeガマゲロゲ,Seismitoad,50,537,85,75,74,water,ground,62,5,0
"['Guts', 'Inner Focus', 'Mold Breaker']",0.5,0.5,1,1,2,1,1,2,1,1,1,1,1,1,2,0.5,1,1,100,5120,70,465,45,Judo Pokémon,85,1000000,1.3,120,Nagekiナゲキ,Throh,100,538,30,85,45,fighting,,55.5,5,0
"['Sturdy', 'Inner Focus', 'Mold Breaker']",0.5,0.5,1,1,2,1,1,2,1,1,1,1,1,1,2,0.5,1,1,125,5120,70,465,45,Karate Pokémon,75,1000000,1.4,75,Dagekiダゲキ,Sawk,100,539,30,75,85,fighting,,51,5,0
"['Swarm', 'Chlorophyll', 'Overcoat']",2,1,1,0.5,1,0.5,4,4,1,0.25,0.25,2,1,2,1,2,1,0.5,53,3840,70,310,255,Sewing Pokémon,70,1059860,0.3,45,Kurumiruクルミル,Sewaddle,50,540,40,60,42,bug,grass,2.5,5,0
"['Leaf Guard', 'Chlorophyll', 'Overcoat']",2,1,1,0.5,1,0.5,4,4,1,0.25,0.25,2,1,2,1,2,1,0.5,63,3840,70,380,120,Leaf-Wrapped Pokémon,90,1059860,0.5,55,Kurumayuクルマユ,Swadloon,50,541,50,80,42,bug,grass,7.3,5,0
"['Swarm', 'Chlorophyll', 'Overcoat']",2,1,1,0.5,1,0.5,4,4,1,0.25,0.25,2,1,2,1,2,1,0.5,103,3840,70,500,45,Nurturing Pokémon,80,1059860,1.2,75,Hahakomoriハハコモリ,Leavanny,50,542,70,80,92,bug,grass,20.5,5,0
"['Poison Point', 'Swarm', 'Speed Boost']",0.5,1,1,1,0.5,0.25,2,2,1,0.25,1,1,1,0.5,2,2,1,1,45,3840,70,260,255,Centipede Pokémon,59,1059860,0.4,30,Fushideフシデ,Venipede,50,543,30,39,57,bug,poison,5.3,5,0
"['Poison Point', 'Swarm', 'Speed Boost']",0.5,1,1,1,0.5,0.25,2,2,1,0.25,1,1,1,0.5,2,2,1,1,55,3840,70,360,120,Curlipede Pokémon,99,1059860,1.2,40,Wheegaホイーガ,Whirlipede,50,544,40,79,47,bug,poison,58.5,5,0
"['Poison Point', 'Swarm', 'Speed Boost']",0.5,1,1,1,0.5,0.25,2,2,1,0.25,1,1,1,0.5,2,2,1,1,100,5120,70,485,45,Megapede Pokémon,89,1059860,2.5,60,Pendrorペンドラー,Scolipede,50,545,55,69,112,bug,poison,200.5,5,0
"['Prankster', 'Infiltrator', 'Chlorophyll']",1,0.5,0,0.5,1,0.5,2,2,1,0.5,0.5,2,1,4,1,1,2,0.5,27,5120,70,280,190,Cotton Puff Pokémon,60,1000000,0.3,40,Monmenモンメン,Cottonee,50,546,37,50,66,grass,fairy,0.6,5,0
"['Prankster', 'Infiltrator', 'Chlorophyll']",1,0.5,0,0.5,1,0.5,2,2,1,0.5,0.5,2,1,4,1,1,2,0.5,67,5120,70,480,75,Windveiled Pokémon,85,1000000,0.7,60,Elfuunエルフーン,Whimsicott,50,547,77,75,116,grass,fairy,6.6,5,0
"['Chlorophyll', 'Own Tempo', 'Leaf Guard']",2,1,1,0.5,1,1,2,2,1,0.5,0.5,2,1,2,1,1,1,0.5,35,5120,70,280,190,Bulb Pokémon,50,1000000,0.5,45,Churineチュリネ,Petilil,0,548,70,50,30,grass,,6.6,5,0
"['Chlorophyll', 'Own Tempo', 'Leaf Guard']",2,1,1,0.5,1,1,2,2,1,0.5,0.5,2,1,2,1,1,1,0.5,60,5120,70,480,75,Flowering Pokémon,75,1000000,1.1,70,Dredearドレディア,Lilligant,0,549,110,75,90,grass,,16.3,5,0
"['Reckless', 'Rock Head', 'Adaptability', 'Mold Breaker']",1,1,1,2,1,1,0.5,1,1,2,1,0.5,1,1,1,1,0.5,0.5,92,10240,70,460,25,Hostile Pokémon,65,1000000,1,70,Bassraoバスラオ,Basculin,50,550,80,55,98,water,,18,5,0
"['Intimidate', 'Moxie', 'Anger Point']",2,0.5,1,0,2,2,1,1,0.5,2,1,2,1,0.5,0,0.5,1,2,72,5120,70,292,180,Desert Croc Pokémon,35,1059860,0.7,50,Megurocoメグロコ,Sandile,50,551,35,35,65,ground,dark,15.2,5,0
"['Intimidate', 'Moxie', 'Anger Point']",2,0.5,1,0,2,2,1,1,0.5,2,1,2,1,0.5,0,0.5,1,2,82,5120,70,351,90,Desert Croc Pokémon,45,1059860,1,60,Waruvileワルビル,Krokorok,50,552,45,45,74,ground,dark,33.4,5,0
"['Intimidate', 'Moxie', 'Anger Point']",2,0.5,1,0,2,2,1,1,0.5,2,1,2,1,0.5,0,0.5,1,2,117,5120,70,519,45,Intimidation Pokémon,80,1059860,1.5,95,Waruvialワルビアル,Krookodile,50,553,65,70,92,ground,dark,96.3,5,0
"['Hustle', 'Inner Focus']",0.5,1,1,1,0.5,1,0.5,1,1,0.5,2,0.5,1,1,1,2,0.5,2,90,5120,70,315,120,Zen Charm Pokémon,45,1059860,0.6,70,Darumakkaダルマッカ,Darumaka,50,554,15,45,50,fire,,37.5,5,0
"['Sheer Force', 'Zen Mode']",0.5,1,1,1,0.5,1,0.5,1,1,0.5,2,0.5,1,1,1,2,0.5,2,30,5120,70,540,60,Blazing Pokémon,105,1059860,1.3,105,Hihidarumaヒヒダルマ,Darmanitan,50,555,140,105,55,fire,fire,92.9,5,0
"['Water Absorb', 'Chlorophyll', 'Storm Drain']",2,1,1,0.5,1,1,2,2,1,0.5,0.5,2,1,2,1,1,1,0.5,86,5120,70,461,255,Cactus Pokémon,67,1000000,1,75,Maracacchiマラカッチ,Maractus,50,556,106,67,60,grass,,28,5,0
"['Sturdy', 'Shell Armor', 'Weak Armor']",1,1,1,1,1,1,1,1,1,1,1,1,0.5,0.5,1,2,2,2,65,5120,70,325,190,Rock Inn Pokémon,85,1000000,0.3,50,Ishizumaiイシズマイ,Dwebble,50,557,35,35,55,bug,rock,14.5,5,0
"['Sturdy', 'Shell Armor', 'Weak Armor']",1,1,1,1,1,1,1,1,1,1,1,1,0.5,0.5,1,2,2,2,105,5120,70,485,75,Stone Home Pokémon,125,1000000,1.4,70,Iwapalaceイワパレス,Crustle,50,558,65,75,45,bug,rock,200,5,0
"['Shed Skin', 'Moxie', 'Intimidate']",1,0.25,1,1,4,2,1,2,0.5,1,1,1,1,1,0,0.5,1,1,75,3840,35,348,180,Shedding Pokémon,70,1000000,0.6,50,Zurugguズルッグ,Scraggy,50,559,35,70,48,dark,fighting,11.8,5,0
"['Shed Skin', 'Moxie', 'Intimidate']",1,0.25,1,1,4,2,1,2,0.5,1,1,1,1,1,0,0.5,1,1,90,3840,70,488,90,Hoodlum Pokémon,115,1000000,1.1,65,Zuruzukinズルズキン,Scrafty,50,560,45,115,58,dark,fighting,30,5,0
"['Wonder Skin ', 'Magic Guard', 'Tinted Lens']",1,2,1,2,1,0.25,1,1,2,0.5,0,2,1,1,0.5,2,1,1,58,5120,70,490,45,Avianoid Pokémon,80,1000000,1.4,72,Symbolerシンボラー,Sigilyph,50,561,103,80,97,psychic,flying,14,5,0
['Mummy'],0.5,2,1,1,1,0,1,1,2,1,1,1,0,0.5,1,1,1,1,30,6400,70,303,190,Spirit Pokémon,85,1000000,0.5,38,Desumasuデスマス,Yamask,50,562,55,65,30,ghost,,1.5,5,0
['Mummy'],0.5,2,1,1,1,0,1,1,2,1,1,1,0,0.5,1,1,1,1,50,6400,70,483,90,Coffin Pokémon,145,1000000,1.7,58,Desukarnデスカーン,Cofagrigus,50,563,95,105,30,ghost,,76.5,5,0
"['Solid Rock', 'Sturdy', 'Swift Swim']",1,1,1,2,1,2,0.25,0.5,1,4,2,0.5,0.5,0.5,1,1,1,1,78,7680,70,355,45,Prototurtle Pokémon,103,1000000,0.7,54,Protogaプロトーガ,Tirtouga,88.1,564,53,45,22,water,rock,16.5,5,0
"['Solid Rock', 'Sturdy', 'Swift Swim']",1,1,1,2,1,2,0.25,0.5,1,4,2,0.5,0.5,0.5,1,1,1,1,108,7680,70,495,45,Prototurtle Pokémon,133,1000000,1.2,74,Abagouraアバゴーラ,Carracosta,88.1,565,83,65,32,water,rock,81,5,0
['Defeatist'],0.5,1,1,2,1,1,0.5,0.5,1,1,0,2,0.5,0.5,1,2,2,2,112,7680,70,401,45,First Bird Pokémon,45,1000000,0.5,55,Archenアーケン,Archen,88.1,566,74,45,70,rock,flying,9.5,5,0
['Defeatist'],0.5,1,1,2,1,1,0.5,0.5,1,1,0,2,0.5,0.5,1,2,2,2,140,7680,70,567,45,First Bird Pokémon,65,1000000,1.4,75,Archeosアーケオス,Archeops,88.1,567,112,65,110,rock,flying,32,5,0
"['Stench', 'Sticky Hold', 'Aftermath']",0.5,1,1,1,0.5,0.5,1,1,1,0.5,2,1,1,0.5,2,1,1,1,50,5120,70,329,190,Trash Bag Pokémon,62,1000000,0.6,50,Yabukuronヤブクロン,Trubbish,50,568,40,62,65,poison,,31,5,0
"['Stench', 'Weak Armor', 'Aftermath']",0.5,1,1,1,0.5,0.5,1,1,1,0.5,2,1,1,0.5,2,1,1,1,95,5120,70,474,60,Trash Heap Pokémon,82,1000000,1.9,80,Dustdasダストダス,Garbodor,50,569,60,82,75,poison,,107.3,5,0
['Illusion'],2,0.5,1,1,2,2,1,1,0.5,1,1,1,1,1,0,1,1,1,65,6400,70,330,75,Tricky Fox Pokémon,40,1059860,0.7,40,Zoruaゾロア,Zorua,88.1,570,80,40,65,dark,,12.5,5,0
['Illusion'],2,0.5,1,1,2,2,1,1,0.5,1,1,1,1,1,0,1,1,1,105,5120,70,510,45,Illusion Fox Pokémon,60,1059860,1.6,60,Zoroarkゾロアーク,Zoroark,88.1,571,120,60,105,dark,,81.1,5,0
"['Cute Charm', 'Technician', 'Skill Link']",1,1,1,1,1,2,1,1,0,1,1,1,1,1,1,1,1,1,50,3840,70,300,255,Chinchilla Pokémon,40,800000,0.4,55,Chillarmyチラーミィ,Minccino,24.6,572,40,40,75,normal,,5.8,5,0
"['Cute Charm', 'Technician', 'Skill Link']",1,1,1,1,1,2,1,1,0,1,1,1,1,1,1,1,1,1,95,3840,70,470,60,Scarf Pokémon,60,800000,0.5,75,Chillaccinoチラチーノ,Cinccino,24.6,573,65,60,115,normal,,7.5,5,0
"['Frisk', 'Competitive', 'Shadow Tag']",2,2,1,1,1,0.5,1,1,2,1,1,1,1,1,0.5,1,1,1,30,5120,70,290,200,Fixation Pokémon,50,1059860,0.4,45,Gothimuゴチム,Gothita,24.6,574,55,65,45,psychic,,5.8,5,0
"['Frisk', 'Competitive', 'Shadow Tag']",2,2,1,1,1,0.5,1,1,2,1,1,1,1,1,0.5,1,1,1,45,5120,70,390,100,Manipulate Pokémon,70,1059860,0.7,60,Gothimiruゴチミル,Gothorita,24.6,575,75,85,55,psychic,,18,5,0
"['Frisk', 'Competitive', 'Shadow Tag']",2,2,1,1,1,0.5,1,1,2,1,1,1,1,1,0.5,1,1,1,55,5120,70,490,50,Astral Body Pokémon,95,1059860,1.5,70,Gothiruselleゴチルゼル,Gothitelle,24.6,576,95,110,65,psychic,,44,5,0
"['Overcoat', 'Magic Guard', 'Regenerator']",2,2,1,1,1,0.5,1,1,2,1,1,1,1,1,0.5,1,1,1,30,5120,70,290,200,Cell Pokémon,40,1059860,0.3,45,Uniranユニラン,Solosis,50,577,105,50,20,psychic,,1,5,0
"['Overcoat', 'Magic Guard', 'Regenerator']",2,2,1,1,1,0.5,1,1,2,1,1,1,1,1,0.5,1,1,1,40,5120,70,370,100,Mitosis Pokémon,50,1059860,0.6,65,Doublanダブラン,Duosion,50,578,125,60,30,psychic,,8,5,0
"['Overcoat', 'Magic Guard', 'Regenerator']",2,2,1,1,1,0.5,1,1,2,1,1,1,1,1,0.5,1,1,1,65,5120,70,490,50,Multiplying Pokémon,75,1059860,1,110,Lanculusランクルス,Reuniclus,50,579,125,85,30,psychic,,20.1,5,0
"['Keen Eye', 'Big Pecks', 'Hydration']",0.5,1,1,4,1,0.5,0.5,1,1,1,0,1,1,1,1,2,0.5,0.5,44,5120,70,305,190,Water Bird Pokémon,50,1000000,0.5,62,Koaruhieコアルヒー,Ducklett,50,580,44,50,55,water,flying,5.5,5,0
"['Keen Eye', 'Big Pecks', 'Hydration']",0.5,1,1,4,1,0.5,0.5,1,1,1,0,1,1,1,1,2,0.5,0.5,87,5120,70,473,45,White Bird Pokémon,63,1000000,1.3,75,Swannaスワンナ,Swanna,50,581,87,63,98,water,flying,24.2,5,0
"['Ice Body', 'Snow Cloak', 'Weak Armor']",1,1,1,1,1,2,2,1,1,1,1,0.5,1,1,1,2,2,1,50,5120,70,305,255,Fresh Snow Pokémon,50,1250000,0.4,36,Vanipetiバニプッチ,Vanillite,50,582,65,60,44,ice,,5.7,5,0
"['Ice Body', 'Snow Cloak', 'Weak Armor']",1,1,1,1,1,2,2,1,1,1,1,0.5,1,1,1,2,2,1,65,5120,70,395,120,Icy Snow Pokémon,65,1250000,1.1,51,Vanirichバニリッチ,Vanillish,50,583,80,75,59,ice,,41,5,0
"['Ice Body', 'Snow Warning', 'Weak Armor']",1,1,1,1,1,2,2,1,1,1,1,0.5,1,1,1,2,2,1,95,5120,70,535,45,Snowstorm Pokémon,85,1250000,1.3,71,Baivanillaバイバニラ,Vanilluxe,50,584,110,95,79,ice,,57.5,5,0
"['Chlorophyll', 'Sap Sipper', 'Serene Grace']",2,1,1,0.5,1,2,2,2,0,0.5,0.5,2,1,2,1,1,1,0.5,60,5120,70,335,190,Season Pokémon,50,1000000,0.6,60,Shikijikaシキジカ,Deerling,50,585,40,50,75,normal,grass,19.5,5,0
"['Chlorophyll', 'Sap Sipper', 'Serene Grace']",2,1,1,0.5,1,2,2,2,0,0.5,0.5,2,1,2,1,1,1,0.5,100,5120,70,475,75,Season Pokémon,70,1000000,1.9,80,Mebukijikaメブキジカ,Sawsbuck,50,586,60,70,95,normal,grass,92.5,5,0
"['Static', 'Motor Drive']",0.5,1,1,1,1,0.5,1,0.5,1,0.5,0,2,1,1,1,2,0.5,1,75,5120,70,428,200,Sky Squirrel Pokémon,60,1000000,0.4,55,Emongaエモンガ,Emolga,50,587,75,60,103,electric,flying,5,5,0
"['Swarm', 'Shed Skin', 'No Guard']",1,1,1,1,1,0.5,2,2,1,0.5,0.5,1,1,1,1,2,1,1,75,3840,70,315,200,Clamping Pokémon,45,1000000,0.5,50,Kaburumoカブルモ,Karrablast,50,588,40,45,60,bug,,5.9,5,0
"['Swarm', 'Shell Armor', 'Overcoat']",0.5,1,0.5,1,0.5,1,4,1,1,0.25,1,0.5,0.5,0,0.5,1,0.5,1,135,3840,70,495,75,Cavalry Pokémon,105,1000000,1,70,Chevargoシュバルゴ,Escavalier,50,589,60,105,20,bug,steel,33,5,0
"['Effect Spore', 'Regenerator']",1,1,1,0.5,0.5,0.5,2,2,1,0.25,1,2,1,1,2,1,1,0.5,55,5120,70,294,190,Mushroom Pokémon,45,1000000,0.2,69,Tamagetakeタマゲタケ,Foongus,50,590,55,55,15,grass,poison,1,5,0
"['Effect Spore', 'Regenerator']",1,1,1,0.5,0.5,0.5,2,2,1,0.25,1,2,1,1,2,1,1,0.5,85,5120,70,464,75,Mushroom Pokémon,70,1000000,0.6,114,Morobareruモロバレル,Amoonguss,50,591,85,80,30,grass,poison,10.5,5,0
"['Water Absorb', 'Cursed Body', 'Damp']",0.5,2,1,2,1,0,0.5,1,2,2,1,0.5,0,0.5,1,1,0.5,0.5,40,5120,70,335,190,Floating Pokémon,50,1000000,1.2,55,Pururillプルリル,Frillish,50,592,65,85,40,water,ghost,33,5,0
"['Water Absorb', 'Cursed Body', 'Damp']",0.5,2,1,2,1,0,0.5,1,2,2,1,0.5,0,0.5,1,1,0.5,0.5,60,5120,70,480,60,Floating Pokémon,70,1000000,2.2,100,Burungelブルンゲル,Jellicent,50,593,85,105,60,water,ghost,135,5,0
"['Healer', 'Hydration', 'Regenerator']",1,1,1,2,1,1,0.5,1,1,2,1,0.5,1,1,1,1,0.5,0.5,75,10240,70,470,75,Caring Pokémon,80,800000,1.2,165,Mamanbouママンボウ,Alomomola,50,594,40,45,65,water,,31.6,5,0
"['Compoundeyes', 'Unnerve', 'Swarm']",1,1,1,0.5,1,0.5,2,1,1,0.5,1,1,1,1,1,2,0.5,1,47,5120,70,319,190,Attaching Pokémon,50,1000000,0.1,50,Bachuruバチュル,Joltik,50,595,57,50,65,bug,electric,0.6,5,0
"['Compoundeyes', 'Unnerve', 'Swarm']",1,1,1,0.5,1,0.5,2,1,1,0.5,1,1,1,1,1,2,0.5,1,77,5120,70,472,75,EleSpider Pokémon,60,1000000,0.8,70,Dentulaデンチュラ,Galvantula,50,596,97,60,108,bug,electric,14.3,5,0
['Iron Barbs'],1,1,0.5,0.5,0.5,2,4,1,1,0.25,1,1,0.5,0,0.5,0.5,0.5,0.5,50,5120,70,305,255,Thorn Seed Pokémon,91,1000000,0.6,44,Tesseedテッシード,Ferroseed,50,597,24,86,10,grass,steel,18.8,5,0
"['Iron Barbs', 'Anticipation']",1,1,0.5,0.5,0.5,2,4,1,1,0.25,1,1,0.5,0,0.5,0.5,0.5,0.5,94,5120,70,489,90,Thorn Pod Pokémon,131,1000000,1,74,Nutreyナットレイ,Ferrothorn,50,598,54,116,20,grass,steel,110,5,0
"['Plus', 'Minus', 'Clear Body']",0.5,1,0.5,1,0.5,2,2,0.5,1,0.5,2,0.5,0.5,0,0.5,0.5,0.5,1,55,5120,70,300,130,Gear Pokémon,70,1059860,0.3,40,Giaruギアル,Klink,,599,45,60,30,steel,,21,5,0
"['Plus', 'Minus', 'Clear Body']",0.5,1,0.5,1,0.5,2,2,0.5,1,0.5,2,0.5,0.5,0,0.5,0.5,0.5,1,80,5120,70,440,60,Gear Pokémon,95,1059860,0.6,60,Gigiaruギギアル,Klang,,600,70,85,50,steel,,51,5,0
"['Plus', 'Minus', 'Clear Body']",0.5,1,0.5,1,0.5,2,2,0.5,1,0.5,2,0.5,0.5,0,0.5,0.5,0.5,1,100,5120,70,520,30,Gear Pokémon,115,1059860,0.6,60,Gigigiaruギギギアル,Klinklang,,601,70,85,90,steel,,81,5,0
['Levitate'],1,1,1,0.5,1,1,1,0.5,1,1,2,1,1,1,1,1,0.5,1,55,5120,70,275,190,EleFish Pokémon,40,1250000,0.2,35,Shibishirasuシビシラス,Tynamo,50,602,45,40,60,electric,,0.3,5,0
['Levitate'],1,1,1,0.5,1,1,1,0.5,1,1,2,1,1,1,1,1,0.5,1,85,5120,70,405,60,EleFish Pokémon,70,1250000,1.2,65,Shibibeelシビビール,Eelektrik,50,603,75,70,40,electric,,22,5,0
['Levitate'],1,1,1,0.5,1,1,1,0.5,1,1,2,1,1,1,1,1,0.5,1,115,5120,70,515,30,EleFish Pokémon,80,1250000,2.1,85,Shibirudonシビルドン,Eelektross,50,604,105,80,50,electric,,80.5,5,0
"['Telepathy', 'Synchronize', 'Analytic']",2,2,1,1,1,0.5,1,1,2,1,1,1,1,1,0.5,1,1,1,55,5120,70,335,255,Cerebral Pokémon,55,1000000,0.5,55,Ligrayリグレー,Elgyem,50,605,85,55,30,psychic,,9,5,0
"['Telepathy', 'Synchronize', 'Analytic']",2,2,1,1,1,0.5,1,1,2,1,1,1,1,1,0.5,1,1,1,75,5120,70,485,90,Cerebral Pokémon,75,1000000,1,75,Ohbemオーベム,Beheeyem,50,606,125,95,40,psychic,,34.5,5,0
"['Flash Fire', 'Flame Body', 'Infiltrator']",0.25,2,1,1,0.5,0,0.5,1,2,0.5,2,0.5,0,0.5,1,2,0.5,2,30,5120,70,275,190,Candle Pokémon,55,1059860,0.3,50,Hitomoshiヒトモシ,Litwick,50,607,65,55,20,ghost,fire,3.1,5,0
"['Flash Fire', 'Flame Body', 'Infiltrator']",0.25,2,1,1,0.5,0,0.5,1,2,0.5,2,0.5,0,0.5,1,2,0.5,2,40,5120,70,370,90,Lamp Pokémon,60,1059860,0.6,60,Lamplerランプラー,Lampent,50,608,95,60,55,ghost,fire,13,5,0
"['Flash Fire', 'Flame Body', 'Infiltrator']",0.25,2,1,1,0.5,0,0.5,1,2,0.5,2,0.5,0,0.5,1,2,0.5,2,55,5120,70,520,45,Luring Pokémon,90,1059860,1,60,Chandelaシャンデラ,Chandelure,50,609,145,90,80,ghost,fire,34.3,5,0
"['Rivalry', 'Mold Breaker', 'Unnerve']",1,1,2,0.5,2,1,0.5,1,1,0.5,1,2,1,1,1,1,1,0.5,87,10240,35,320,75,Tusk Pokémon,60,1250000,0.6,46,Kibagoキバゴ,Axew,50,610,30,40,57,dragon,,18,5,0
"['Rivalry', 'Mold Breaker', 'Unnerve']",1,1,2,0.5,2,1,0.5,1,1,0.5,1,2,1,1,1,1,1,0.5,117,10240,35,410,60,Axe Jaw Pokémon,70,1250000,1,66,Onondoオノンド,Fraxure,50,611,40,50,67,dragon,,36,5,0
"['Rivalry', 'Mold Breaker', 'Unnerve']",1,1,2,0.5,2,1,0.5,1,1,0.5,1,2,1,1,1,1,1,0.5,147,10240,35,540,45,Axe Jaw Pokémon,90,1250000,1.8,76,Ononokusオノノクス,Haxorus,50,612,60,70,97,dragon,,105.5,5,0
"['Snow Cloak', 'Slush Rush', 'Rattled']",1,1,1,1,1,2,2,1,1,1,1,0.5,1,1,1,2,2,1,70,5120,70,305,120,Chill Pokémon,40,1000000,0.5,55,Kumasyunクマシュン,Cubchoo,50,613,60,40,40,ice,,8.5,5,0
"['Snow Cloak', 'Slush Rush', 'Swift Swim']",1,1,1,1,1,2,2,1,1,1,1,0.5,1,1,1,2,2,1,130,5120,70,505,60,Freezing Pokémon,80,1000000,2.6,95,Tunbearツンベアー,Beartic,50,614,70,80,50,ice,,260,5,0
['Levitate'],1,1,1,1,1,2,2,1,1,1,1,0.5,1,1,1,2,2,1,50,6400,70,515,25,Crystallizing Pokémon,50,1000000,1.1,80,Freegeoフリージオ,Cryogonal,,615,95,135,105,ice,,148,5,0
"['Hydration', 'Shell Armor', 'Overcoat']",1,1,1,1,1,0.5,2,2,1,0.5,0.5,1,1,1,1,2,1,1,40,3840,70,305,200,Snail Pokémon,85,1000000,0.4,50,Chobomakiチョボマキ,Shelmet,50,616,40,65,25,bug,,7.7,5,0
"['Hydration', 'Sticky Hold', 'Unburden']",1,1,1,1,1,0.5,2,2,1,0.5,0.5,1,1,1,1,2,1,1,70,3840,70,495,75,Shell Out Pokémon,40,1000000,0.8,80,Agilderアギルダー,Accelgor,50,617,100,60,145,bug,,25.3,5,0
"['Static', 'Limber', 'Sand Veil']",1,1,1,0,1,1,1,0.5,1,2,2,2,1,0.5,1,0.5,0.5,2,66,5120,70,471,75,Trap Pokémon,84,1000000,0.7,109,Maggyoマッギョ,Stunfisk,50,618,81,99,32,ground,electric,11,5,0
"['Inner Focus', 'Regenerator', 'Reckless']",0.5,0.5,1,1,2,1,1,2,1,1,1,1,1,1,2,0.5,1,1,85,6400,70,350,180,Martial Arts Pokémon,50,1059860,0.9,45,Kojofuコジョフー,Mienfoo,50,619,55,50,65,fighting,,20,5,0
"['Inner Focus', 'Regenerator', 'Reckless']",0.5,0.5,1,1,2,1,1,2,1,1,1,1,1,1,2,0.5,1,1,125,6400,70,510,45,Martial Arts Pokémon,60,1059860,1.4,65,Kojondoコジョンド,Mienshao,50,620,95,60,105,fighting,,35.5,5,0
"['Rough Skin', 'Sheer Force', 'Mold Breaker']",1,1,2,0.5,2,1,0.5,1,1,0.5,1,2,1,1,1,1,1,0.5,120,7680,70,485,45,Cave Pokémon,90,1000000,1.6,77,Crimganクリムガン,Druddigon,50,621,60,90,48,dragon,,139,5,0
"['Iron Fist', 'Klutz', 'No Guard']",0.5,2,1,0,1,0,1,1,2,2,1,2,0,0.25,1,0.5,1,2,74,6400,70,303,190,Automaton Pokémon,50,1000000,1,59,Gobitゴビット,Golett,,622,35,50,35,ground,ghost,92,5,0
"['Iron Fist', 'Klutz', 'No Guard']",0.5,2,1,0,1,0,1,1,2,2,1,2,0,0.25,1,0.5,1,2,124,6400,70,483,90,Automaton Pokémon,80,1000000,2.8,89,Goloogゴルーグ,Golurk,,623,55,80,55,ground,ghost,330,5,0
"['Defiant', 'Inner Focus', 'Pressure']",1,0.5,0.5,1,1,4,2,0.5,0.5,0.5,2,0.5,0.5,0,0,0.5,0.5,1,85,5120,35,340,120,Sharp Blade Pokémon,70,1000000,0.5,45,Komatanaコマタナ,Pawniard,50,624,40,40,60,dark,steel,10.2,5,0
"['Defiant', 'Inner Focus', 'Pressure']",1,0.5,0.5,1,1,4,2,0.5,0.5,0.5,2,0.5,0.5,0,0,0.5,0.5,1,125,5120,35,490,45,Sword Blade Pokémon,100,1000000,1.6,65,Kirikizanキリキザン,Bisharp,50,625,60,70,70,dark,steel,70,5,0
"['Reckless', 'Sap Sipper', 'Soundproof']",1,1,1,1,1,2,1,1,0,1,1,1,1,1,1,1,1,1,110,5120,70,490,45,Bash Buffalo Pokémon,95,1000000,1.6,95,Buffronバッフロン,Bouffalant,50,626,40,95,55,normal,,94.6,5,0
"['Keen Eye', 'Sheer Force', 'Hustle']",0.5,1,1,2,1,1,1,1,0,0.5,0,2,1,1,1,2,1,1,83,5120,70,350,190,Eaglet Pokémon,50,1250000,0.5,70,Washibonワシボン,Rufflet,100,627,37,50,60,normal,flying,10.5,5,0
"['Keen Eye', 'Sheer Force', 'Defiant']",0.5,1,1,2,1,1,1,1,0,0.5,0,2,1,1,1,2,1,1,123,5120,70,510,60,Valiant Pokémon,75,1250000,1.5,100,Warrgleウォーグル,Braviary,100,628,57,75,80,normal,flying,41,5,0
"['Big Pecks', 'Overcoat', 'Weak Armor']",1,0.5,1,2,2,1,1,1,0.5,0.5,0,2,1,1,0,2,1,1,55,5120,35,370,190,Diapered Pokémon,75,1250000,0.5,70,Valchaiバルチャイ,Vullaby,0,629,45,65,60,dark,flying,9,5,0
"['Big Pecks', 'Overcoat', 'Weak Armor']",1,0.5,1,2,2,1,1,1,0.5,0.5,0,2,1,1,0,2,1,1,65,5120,35,510,60,Bone Vulture Pokémon,105,1250000,1.2,110,Vulginaバルジーナ,Mandibuzz,0,630,55,95,80,dark,flying,39.5,5,0
"['Gluttony', 'Flash Fire', 'White Smoke']",0.5,1,1,1,0.5,1,0.5,1,1,0.5,2,0.5,1,1,1,2,0.5,2,97,5120,70,484,90,Anteater Pokémon,66,1000000,1.4,85,Kuitaranクイタラン,Heatmor,50,631,105,66,65,fire,,58,5,0
"['Swarm', 'Hustle', 'Truant']",0.5,1,0.5,1,0.5,1,4,1,1,0.25,1,0.5,0.5,0,0.5,1,0.5,1,109,5120,70,484,90,Iron Ant Pokémon,112,1000000,0.3,58,Aiantアイアント,Durant,50,632,48,48,109,bug,steel,33,5,0
['Hustle'],2,0.5,2,0.5,4,2,0.5,1,0.5,0.5,1,2,1,1,0,1,1,0.5,65,10240,35,300,45,Irate Pokémon,50,1250000,0.8,52,Monozuモノズ,Deino,50,633,45,50,38,dark,dragon,17.3,5,0
['Hustle'],2,0.5,2,0.5,4,2,0.5,1,0.5,0.5,1,2,1,1,0,1,1,0.5,85,10240,35,420,45,Hostile Pokémon,70,1250000,1.4,72,Diheadジヘッド,Zweilous,50,634,65,70,58,dark,dragon,50,5,0
['Levitate'],2,0.5,2,0.5,4,2,0.5,1,0.5,0.5,1,2,1,1,0,1,1,0.5,105,10240,35,600,45,Brutal Pokémon,90,1250000,1.8,92,Sazandoraサザンドラ,Hydreigon,50,635,125,90,98,dark,dragon,160,5,0
"['Flame Body', 'Swarm']",0.5,1,1,1,0.5,0.5,1,2,1,0.25,1,0.5,1,1,1,4,0.5,2,85,10240,70,360,45,Torch Pokémon,55,1250000,1.1,55,Merlarvaメラルバ,Larvesta,50,636,50,55,60,bug,fire,28.8,5,0
"['Flame Body', 'Swarm']",0.5,1,1,1,0.5,0.5,1,2,1,0.25,1,0.5,1,1,1,4,0.5,2,60,10240,70,550,15,Sun Pokémon,65,1250000,1.6,85,Ulgamothウルガモス,Volcarona,50,637,135,105,100,bug,fire,46,5,0
['Justified'],0.25,0.5,0.5,1,1,2,2,1,1,0.5,2,0.5,0.5,0,1,0.25,0.5,1,90,20480,35,580,3,Iron Will Pokémon,129,1250000,2.1,91,Cobalonコバルオン,Cobalion,,638,90,72,108,steel,fighting,250,5,1
['Justified'],0.5,0.5,1,1,2,2,0.5,1,1,2,2,1,0.5,0.5,2,0.5,2,2,129,20480,35,580,3,Cavern Pokémon,90,1250000,1.9,91,Terrakionテラキオン,Terrakion,,639,72,90,108,rock,fighting,260,5,1
['Justified'],1,0.5,1,0.5,2,1,2,4,1,0.5,0.5,2,1,2,2,0.5,1,0.5,90,20480,35,580,3,Grassland Pokémon,72,1250000,2,91,Virizionビリジオン,Virizion,,640,90,129,108,grass,fighting,200,5,1
"['Prankster', 'Defiant', 'Regenerator']",0.5,1,1,2,1,0.5,1,1,1,0.5,0,2,1,1,1,2,1,1,100,30720,90,580,3,Cyclone Pokémon,80,1250000,1.5,79,Tornelos (keshin Forme)トルネロス,Tornadus,100,641,110,90,121,flying,,63,5,1
"['Prankster', 'Defiant', 'Volt Absorb']",0.5,1,1,1,1,0.5,1,0.5,1,0.5,0,2,1,1,1,2,0.5,1,105,30720,90,580,3,Bolt Strike Pokémon,70,1250000,1.5,79,Voltolos (keshin Forme)ボルトロス,Thundurus,100,642,145,80,101,electric,flying,61,5,1
['Turboblaze'],0.5,1,2,0.5,1,1,0.25,1,1,0.25,2,1,1,1,1,2,0.5,1,120,30720,0,680,3,Vast White Pokémon,100,1250000,3.2,100,Reshiramレシラム,Reshiram,,643,150,120,90,dragon,fire,330,5,1
['Teravolt'],1,1,2,0.25,2,1,0.5,0.5,1,0.5,2,2,1,1,1,1,0.5,0.5,150,30720,0,680,3,Deep Black Pokémon,120,1250000,2.9,100,Zekromゼクロム,Zekrom,,644,120,100,90,dragon,electric,345,5,1
"['Sand Force', 'Sheer Force', 'Intimidate']",0.5,1,1,0,1,0.5,1,1,1,1,0,4,1,0.5,1,1,1,2,145,30720,90,600,3,Abundance Pokémon,90,1250000,1.5,89,Landlos (keshin Forme)ランドロス,Landorus,100,645,105,80,91,ground,flying,68,5,1
"['Pressure', 'Teravolt', 'Turboblaze']",1,1,2,0.5,2,2,1,1,1,0.5,1,1,1,1,1,2,2,0.5,120,30720,0,700,3,Boundary Pokémon,90,1250000,3,125,Kyuremキュレム,Kyurem,,646,170,100,95,dragon,ice,325,5,1
['Justified'],0.5,0.5,1,2,2,1,0.5,2,1,2,1,0.5,1,1,2,0.5,0.5,0.5,72,20480,35,580,3,Colt Pokémon,90,1250000,1.4,91,Keldeo (itsumo No Sugata)ケルディオ,Keldeo,,647,129,90,108,water,fighting,48.5,5,1
['Serene Grace'],2,2,1,1,1,1,1,1,0,1,1,1,1,1,0.5,1,1,1,128,30720,100,600,3,Melody Pokémon,90,1250000,0.6,100,Meloetta (step Forme)メロエッタ,Meloetta,,648,77,77,128,normal,psychic,6.5,5,1
['Download'],0.5,1,0.5,1,0.5,1,4,1,1,0.25,1,0.5,0.5,0,0.5,1,0.5,1,120,30720,0,600,3,Paleozoic Pokémon,95,1250000,1.5,71,Genesectゲノセクト,Genesect,,649,120,95,99,bug,steel,82.5,5,1
"['Overgrow', 'Bulletproof']",2,1,1,0.5,1,1,2,2,1,0.5,0.5,2,1,2,1,1,1,0.5,61,5120,70,313,45,Spiky Nut Pokémon,65,1059860,0.4,56,Harimaronハリマロン,Chespin,88.1,650,48,45,38,grass,,9,6,0
"['Overgrow', 'Bulletproof']",2,1,1,0.5,1,1,2,2,1,0.5,0.5,2,1,2,1,1,1,0.5,78,5120,70,405,45,Spiny Armor Pokémon,95,1059860,0.7,61,Hariborgハリボーグ,Quilladin,88.1,651,56,58,57,grass,,29,6,0
"['Overgrow', 'Bulletproof']",1,0.5,1,0.5,2,1,2,4,1,0.5,0.5,2,1,2,2,0.5,1,0.5,107,5120,70,530,45,Spiny Armor Pokémon,122,1059860,1.6,88,Brigarronブリガロン,Chesnaught,88.1,652,74,75,64,grass,fighting,90,6,0
"['Blaze', 'Magician']",0.5,1,1,1,0.5,1,0.5,1,1,0.5,2,0.5,1,1,1,2,0.5,2,45,5120,70,307,45,Fox Pokémon,40,1059860,0.4,40,Fokkoフォッコ,Fennekin,88.1,653,62,60,60,fire,,9.4,6,0
"['Blaze', 'Magician']",0.5,1,1,1,0.5,1,0.5,1,1,0.5,2,0.5,1,1,1,2,0.5,2,59,5120,70,409,45,Fox Pokémon,58,1059860,1,59,Tairenarテールナー,Braixen,88.1,654,90,70,73,fire,,14.5,6,0
"['Blaze', 'Magician']",1,2,1,1,0.5,0.5,0.5,1,2,0.5,2,0.5,1,1,0.5,2,0.5,2,69,5120,70,534,45,Fox Pokémon,72,1059860,1.5,75,Mahoxyマフォクシー,Delphox,88.1,655,114,100,104,fire,psychic,39,6,0
"['Torrent', 'Protean']",1,1,1,2,1,1,0.5,1,1,2,1,0.5,1,1,1,1,0.5,0.5,56,5120,70,314,45,Bubble Frog Pokémon,40,1059860,0.3,41,Keromatsuケロマツ,Froakie,88.1,656,62,44,71,water,,7,6,0
"['Torrent', 'Protean']",1,1,1,2,1,1,0.5,1,1,2,1,0.5,1,1,1,1,0.5,0.5,63,5120,70,405,45,Bubble Frog Pokémon,52,1059860,0.6,54,Gekogashiraゲコガシラ,Frogadier,88.1,657,83,56,97,water,,10.9,6,0
"['Torrent', 'Protean', 'Battle Bond']",2,0.5,1,2,2,2,0.5,1,0.5,2,1,0.5,1,1,0,1,0.5,0.5,145,5120,70,640,45,Ninja Pokémon,67,1059860,1.5,72,Gekkougaゲッコウガ,Greninja,88.1,658,153,71,132,water,dark,40,6,0
"['Pickup', 'Cheek Pouch', 'Huge Power']",1,1,1,1,1,2,1,1,0,1,1,1,1,1,1,1,1,1,36,3840,70,237,255,Digging Pokémon,38,1000000,0.4,38,Horubeeホルビー,Bunnelby,50,659,32,36,57,normal,,5,6,0
"['Pickup', 'Cheek Pouch', 'Huge Power']",1,1,1,0,1,2,1,1,0,2,1,2,1,0.5,1,0.5,1,2,56,3840,70,423,127,Digging Pokémon,77,1000000,1,85,Horudoホルード,Diggersby,50,660,50,77,78,normal,ground,42.4,6,0
"['Big Pecks', 'Gale Wings']",0.5,1,1,2,1,1,1,1,0,0.5,0,2,1,1,1,2,1,1,50,3840,70,278,255,Tiny Robin Pokémon,43,1059860,0.3,45,Yayakomaヤヤコマ,Fletchling,50,661,40,38,62,normal,flying,1.7,6,0
"['Flame Body', 'Gale Wings']",0.25,1,1,2,0.5,0.5,0.5,1,1,0.25,0,1,1,1,1,4,0.5,2,73,3840,70,382,120,Ember Pokémon,55,1059860,0.7,62,Hinoyakomaヒノヤコマ,Fletchinder,50,662,56,52,84,fire,flying,16,6,0
"['Flame Body', 'Gale Wings']",0.25,1,1,2,0.5,0.5,0.5,1,1,0.25,0,1,1,1,1,4,0.5,2,81,3840,70,499,45,Scorching Pokémon,71,1059860,1.2,78,Fiarrowファイアロー,Talonflame,50,663,74,69,126,fire,flying,24.5,6,0
"['Shield Dust', 'Compoundeyes', 'Friend Guard']",1,1,1,1,1,0.5,2,2,1,0.5,0.5,1,1,1,1,2,1,1,35,3840,70,200,255,Scatterdust Pokémon,40,1000000,0.3,38,Kofukimushiコフキムシ,Scatterbug,50,664,27,25,35,bug,,2.5,6,0
"['Shed Skin', 'Friend Guard']",1,1,1,1,1,0.5,2,2,1,0.5,0.5,1,1,1,1,2,1,1,22,3840,70,213,120,Scatterdust Pokémon,60,1000000,0.3,45,Kofuuraiコフーライ,Spewpa,50,665,27,30,29,bug,,8.4,6,0
"['Shield Dust', 'Compoundeyes', 'Friend Guard']",0.5,1,1,2,1,0.25,2,2,1,0.25,0,2,1,1,1,4,1,1,52,3840,70,411,45,Scale Pokémon,50,1000000,1.2,80,Viviyonビビヨン,Vivillon,50,666,90,50,89,bug,flying,17,6,0
"['Rivalry', 'Unnerve', 'Moxie']",0.5,1,1,1,0.5,2,0.5,1,0,0.5,2,0.5,1,1,1,2,0.5,2,50,5120,70,369,220,Lion Cub Pokémon,58,1059860,0.6,62,Shishikoシシコ,Litleo,11.2,667,73,54,72,fire,normal,13.5,6,0
"['Rivalry', 'Unnerve', 'Moxie']",0.5,1,1,1,0.5,2,0.5,1,0,0.5,2,0.5,1,1,1,2,0.5,2,68,5120,70,507,65,Royal Pokémon,72,1059860,1.5,86,Kaenjishiカエンジシ,Pyroar,11.2,668,109,66,106,fire,normal,81.5,6,0
"['Flower Veil', 'Symbiosis']",0.5,0.5,0,1,1,0.5,1,1,1,1,1,1,1,2,1,1,2,1,38,5120,70,303,225,Single Bloom Pokémon,39,1000000,0.1,44,Flabebeフラベベ,Flabébé,0,669,61,79,42,fairy,,0.1,6,0
"['Flower Veil', 'Symbiosis']",0.5,0.5,0,1,1,0.5,1,1,1,1,1,1,1,2,1,1,2,1,65,5120,70,551,120,Fairy Pokémon,67,1000000,0.2,74,Floetteフラエッテ,Floette,0,670,125,128,92,fairy,,0.9,6,0
"['Flower Veil', 'Symbiosis']",0.5,0.5,0,1,1,0.5,1,1,1,1,1,1,1,2,1,1,2,1,65,5120,70,552,45,Garden Pokémon,68,1000000,1.1,78,Florgesフラージェス,Florges,0,671,112,154,75,fairy,,10,6,0
"['Sap Sipper', 'Grass Pelt']",2,1,1,0.5,1,1,2,2,1,0.5,0.5,2,1,2,1,1,1,0.5,65,5120,70,350,200,Mount Pokémon,48,1000000,0.9,66,Meecleメェークル,Skiddo,50,672,62,57,52,grass,,31,6,0
"['Sap Sipper', 'Grass Pelt']",2,1,1,0.5,1,1,2,2,1,0.5,0.5,2,1,2,1,1,1,0.5,100,5120,70,531,45,Mount Pokémon,62,1000000,1.7,123,Gogoatゴーゴート,Gogoat,50,673,97,81,68,grass,,91,6,0
"['Iron Fist', 'Mold Breaker', 'Scrappy']",0.5,0.5,1,1,2,1,1,2,1,1,1,1,1,1,2,0.5,1,1,82,6400,70,348,220,Playful Pokémon,62,1000000,0.6,67,Yanchamヤンチャム,Pancham,50,674,46,48,43,fighting,,8,6,0
"['Iron Fist', 'Mold Breaker', 'Scrappy']",1,0.25,1,1,4,2,1,2,0.5,1,1,1,1,1,0,0.5,1,1,124,6400,70,495,65,Daunting Pokémon,78,1000000,2.1,95,Gorondaゴロンダ,Pangoro,50,675,69,71,58,fighting,dark,136,6,0
['Fur Coat'],1,1,1,1,1,2,1,1,0,1,1,1,1,1,1,1,1,1,80,5120,70,472,160,Poodle Pokémon,60,1000000,1.2,75,Trimmienトリミアン,Furfrou,50,676,65,90,102,normal,,28,6,0
"['Keen Eye', 'Infiltrator', 'Own Tempo']",2,2,1,1,1,0.5,1,1,2,1,1,1,1,1,0.5,1,1,1,48,5120,70,355,190,Restraint Pokémon,54,1000000,0.3,62,Nyasperニャスパー,Espurr,50,677,63,60,68,psychic,,3.5,6,0
"['Keen Eye', 'Infiltrator', 'Prankster', 'Competitive']",2,2,1,1,1,0.5,1,1,2,1,1,1,1,1,0.5,1,1,1,48,5120,70,466,75,Constraint Pokémon,76,1000000,0.6,74,Nyaonixニャオニクス,Meowstic,50,678,83,81,104,psychic,,8.5,6,0
['No Guard'],0.25,2,0.5,1,0.5,0,2,0.5,2,0.5,2,0.5,0,0,0.5,0.5,0.5,1,80,5120,70,325,180,Sword Pokémon,100,1000000,0.8,45,Hitotsukiヒトツキ,Honedge,50,679,35,37,28,steel,ghost,2,6,0
['No Guard'],0.25,2,0.5,1,0.5,0,2,0.5,2,0.5,2,0.5,0,0,0.5,0.5,0.5,1,110,5120,70,448,90,Sword Pokémon,150,1000000,0.8,59,Nidangillニダンギル,Doublade,50,680,45,49,35,steel,ghost,4.5,6,0
['Stance Change'],0.25,2,0.5,1,0.5,0,2,0.5,2,0.5,2,0.5,0,0,0.5,0.5,0.5,1,150,5120,70,520,45,Royal Sword Pokémon,50,1000000,1.7,60,Gillgardギルガルド,Aegislash,50,681,150,50,60,steel,ghost,53,6,0
"['Healer', 'Aroma Veil']",0.5,0.5,0,1,1,0.5,1,1,1,1,1,1,1,2,1,1,2,1,52,5120,70,341,200,Perfume Pokémon,60,1000000,0.2,78,Shushupuシュシュプ,Spritzee,50,682,63,65,23,fairy,,0.5,6,0
"['Healer', 'Aroma Veil']",0.5,0.5,0,1,1,0.5,1,1,1,1,1,1,1,2,1,1,2,1,72,5120,70,462,140,Fragrance Pokémon,72,1000000,0.8,101,Frefuwanフレフワン,Aromatisse,50,683,99,89,29,fairy,,15.5,6,0
"['Sweet Veil', 'Unburden']",0.5,0.5,0,1,1,0.5,1,1,1,1,1,1,1,2,1,1,2,1,48,5120,70,341,200,Cotton Candy Pokémon,66,1000000,0.4,62,Peroppafuペロッパフ,Swirlix,50,684,59,57,49,fairy,,3.5,6,0
"['Sweet Veil', 'Unburden']",0.5,0.5,0,1,1,0.5,1,1,1,1,1,1,1,2,1,1,2,1,80,5120,70,480,140,Meringue Pokémon,86,1000000,0.8,82,Peroreamペロリーム,Slurpuff,50,685,85,75,72,fairy,,5,6,0
"['Contrary', 'Suction Cups', 'Infiltrator']",4,1,1,1,2,1,1,1,1,1,1,1,1,1,0,1,1,1,54,5120,70,288,190,Revolving Pokémon,53,1000000,0.4,53,Maaiikaマーイーカ,Inkay,50,686,37,46,45,dark,psychic,3.5,6,0
"['Contrary', 'Suction Cups', 'Infiltrator']",4,1,1,1,2,1,1,1,1,1,1,1,1,1,0,1,1,1,92,5120,70,482,80,Overturning Pokémon,88,1000000,1.5,86,Calamaneroカラマネロ,Malamar,50,687,68,75,73,dark,psychic,47,6,0
"['Tough Claws', 'Sniper', 'Pickpocket']",1,1,1,2,1,2,0.25,0.5,1,4,2,0.5,0.5,0.5,1,1,1,1,52,5120,70,306,120,Two-Handed Pokémon,67,1000000,0.5,42,Kameteteカメテテ,Binacle,50,688,39,56,50,rock,water,31,6,0
"['Tough Claws', 'Sniper', 'Pickpocket']",1,1,1,2,1,2,0.25,0.5,1,4,2,0.5,0.5,0.5,1,1,1,1,105,5120,70,500,45,Collective Pokémon,115,1000000,1.3,72,Gamenodesガメノデス,Barbaracle,50,689,54,86,68,rock,water,96,6,0
"['Poison Point', 'Poison Touch', 'Adaptability']",0.5,1,1,2,0.5,0.5,0.5,1,1,1,2,0.5,1,0.5,2,1,0.5,0.5,60,5120,70,320,225,Mock Kelp Pokémon,60,1000000,0.5,50,Kuzumoクズモー,Skrelp,50,690,60,60,30,poison,water,7.3,6,0
"['Poison Point', 'Poison Touch', 'Adaptability']",0.5,1,2,0.5,1,0.5,0.5,1,1,0.25,2,2,1,0.5,2,1,1,0.5,75,5120,70,494,55,Mock Kelp Pokémon,90,1000000,1.8,65,Dramidoroドラミドロ,Dragalge,50,691,97,123,44,poison,dragon,81.5,6,0
['Mega Launcher'],1,1,1,2,1,1,0.5,1,1,2,1,0.5,1,1,1,1,0.5,0.5,53,3840,70,330,225,Water Gun Pokémon,62,1250000,0.5,50,Udeppouウデッポウ,Clauncher,50,692,58,63,44,water,,8.3,6,0
['Mega Launcher'],1,1,1,2,1,1,0.5,1,1,2,1,0.5,1,1,1,1,0.5,0.5,73,3840,70,500,55,Howitzer Pokémon,88,1250000,1.3,71,Blosterブロスター,Clawitzer,50,693,120,89,59,water,,35.3,6,0
"['Dry Skin', 'Sand Veil', 'Solar Power']",1,1,1,0.5,1,2,1,0.5,0,1,2,1,1,1,1,1,0.5,1,38,5120,70,289,190,Generator Pokémon,33,1000000,0.5,44,Erikiteruエリキテル,Helioptile,50,694,61,43,70,electric,normal,6,6,0
"['Dry Skin', 'Sand Veil', 'Solar Power']",1,1,1,0.5,1,2,1,0.5,0,1,2,1,1,1,1,1,0.5,1,55,5120,70,481,75,Generator Pokémon,52,1000000,1,62,Elezardエレザード,Heliolisk,50,695,109,94,109,electric,normal,21,6,0
"['Strong Jaw', 'Sturdy']",1,1,2,0.5,2,2,0.25,0.5,1,1,2,2,0.5,0.5,1,1,2,1,89,7680,70,362,45,Royal Heir Pokémon,77,1000000,0.8,58,Chigorasチゴラス,Tyrunt,88.1,696,45,45,48,rock,dragon,26,6,0
"['Strong Jaw', 'Rock Head']",1,1,2,0.5,2,2,0.25,0.5,1,1,2,2,0.5,0.5,1,1,2,1,121,7680,70,521,45,Despot Pokémon,119,1000000,2.5,82,Gachigorasガチゴラス,Tyrantrum,88.1,697,69,59,71,rock,dragon,270,6,0
"['Refrigerate', 'Snow Warning']",1,1,1,1,1,4,1,0.5,1,2,2,0.5,0.5,0.5,1,2,4,2,59,7680,70,362,45,Tundra Pokémon,50,1000000,1.3,77,Amarusアマルス,Amaura,88.1,698,67,63,46,rock,ice,25.2,6,0
"['Refrigerate', 'Snow Warning']",1,1,1,1,1,4,1,0.5,1,2,2,0.5,0.5,0.5,1,2,4,2,77,7680,70,521,45,Tundra Pokémon,72,1000000,2.7,123,Amarurugaアマルルガ,Aurorus,88.1,699,99,92,58,rock,ice,225,6,0
"['Cute Charm', 'Pixilate']",0.5,0.5,0,1,1,0.5,1,1,1,1,1,1,1,2,1,1,2,1,65,8960,70,525,45,Intertwining Pokémon,65,1000000,1,95,Nymphiaニンフィア,Sylveon,88.1,700,110,130,60,fairy,,23.5,6,0
"['Limber', 'Unburden', 'Mold Breaker']",0.25,0.5,1,2,2,0.5,1,2,1,0.5,0,2,1,1,2,1,1,1,92,5120,70,500,100,Wrestling Pokémon,75,1000000,0.8,78,Luchabullルチャブル,Hawlucha,50,701,74,63,118,fighting,flying,21.5,6,0
"['Cheek Pouch', 'Pickup', 'Plus']",0.5,0.5,0,0.5,1,0.5,1,0.5,1,1,2,1,1,2,1,1,1,1,58,5120,70,431,180,Antenna Pokémon,57,1000000,0.2,67,Dedenneデデンネ,Dedenne,50,702,81,67,101,electric,fairy,2.2,6,0
"['Clear Body', 'Sturdy']",0.5,0.5,0,1,1,1,0.5,0.5,1,2,2,1,0.5,1,1,1,4,2,50,6400,70,500,60,Jewel Pokémon,150,1250000,0.3,50,Melecieメレシー,Carbink,,703,50,150,50,rock,fairy,5.7,6,0
"['Sap Sipper', 'Hydration', 'Gooey']",1,1,2,0.5,2,1,0.5,1,1,0.5,1,2,1,1,1,1,1,0.5,50,10240,35,300,45,Soft Tissue Pokémon,35,1250000,0.3,45,Numeraヌメラ,Goomy,50,704,55,75,40,dragon,,2.8,6,0
"['Sap Sipper', 'Hydration', 'Gooey']",1,1,2,0.5,2,1,0.5,1,1,0.5,1,2,1,1,1,1,1,0.5,75,10240,35,452,45,Soft Tissue Pokémon,53,1250000,0.8,68,Numeilヌメイル,Sliggoo,50,705,83,113,60,dragon,,17.5,6,0
"['Sap Sipper', 'Hydration', 'Gooey']",1,1,2,0.5,2,1,0.5,1,1,0.5,1,2,1,1,1,1,1,0.5,100,10240,35,600,45,Dragon Pokémon,70,1250000,2,90,Numelgonヌメルゴン,Goodra,50,706,110,150,80,dragon,,150.5,6,0
"['Prankster', 'Magician']",0.25,0.5,0,1,0.5,1,2,0.5,1,0.5,2,0.5,0.5,0,0.5,0.5,1,1,80,5120,70,470,75,Key Ring Pokémon,91,800000,0.2,57,Cleffyクレッフィ,Klefki,50,707,80,87,75,steel,fairy,3,6,0
"['Natural Cure', 'Frisk', 'Harvest']",1,2,1,0.5,1,0,2,2,2,0.5,0.5,2,0,1,1,1,1,0.5,70,5120,70,309,120,Stump Pokémon,48,1000000,0.4,43,Bokureiボクレー,Phantump,50,708,50,60,38,ghost,grass,7,6,0
"['Natural Cure', 'Frisk', 'Harvest']",1,2,1,0.5,1,0,2,2,2,0.5,0.5,2,0,1,1,1,1,0.5,110,5120,70,474,60,Elder Tree Pokémon,76,1000000,1.5,85,Ohrotオーロット,Trevenant,50,709,65,82,56,ghost,grass,71,6,0
"['Pickup', 'Frisk', 'Insomnia']",1,2,1,0.5,1,0,2,2,2,0.5,0.5,2,0,1,1,1,1,0.5,66,5120,70,335,120,Pumpkin Pokémon,70,1000000,0.8,59,Bakecchaバケッチャ,Pumpkaboo,50,710,44,55,41,ghost,grass,15,6,0
"['Pickup', 'Frisk', 'Insomnia']",1,2,1,0.5,1,0,2,2,2,0.5,0.5,2,0,1,1,1,1,0.5,100,5120,70,494,60,Pumpkin Pokémon,122,1000000,1.7,85,Pumpjinパンプジン,Gourgeist,50,711,58,75,54,ghost,grass,39,6,0
"['Own Tempo', 'Ice Body', 'Sturdy']",1,1,1,1,1,2,2,1,1,1,1,0.5,1,1,1,2,2,1,69,5120,70,304,190,Ice Chunk Pokémon,85,1000000,1,55,Kachikohruカチコール,Bergmite,50,712,32,35,28,ice,,99.5,6,0
"['Own Tempo', 'Ice Body', 'Sturdy']",1,1,1,1,1,2,2,1,1,1,1,0.5,1,1,1,2,2,1,117,5120,70,514,55,Iceberg Pokémon,184,1000000,2,95,Crebaseクレベース,Avalugg,50,713,44,46,28,ice,,505,6,0
"['Frisk', 'Infiltrator', 'Telepathy']",0.5,1,2,1,2,0.5,0.5,1,1,0.25,0,4,1,1,1,2,1,0.5,30,5120,70,245,190,Sound Wave Pokémon,35,1000000,0.5,40,Onbatオンバット,Noibat,50,714,45,40,55,flying,dragon,8,6,0
"['Frisk', 'Infiltrator', 'Telepathy']",0.5,1,2,1,2,0.5,0.5,1,1,0.25,0,4,1,1,1,2,1,0.5,70,5120,70,535,45,Sound Wave Pokémon,80,1000000,1.5,85,Onvernオンバーン,Noivern,50,715,97,80,123,flying,dragon,85,6,0
['Fairy Aura'],0.5,0.5,0,1,1,0.5,1,1,1,1,1,1,1,2,1,1,2,1,131,30720,0,680,45,Life Pokémon,95,1250000,3,126,Xerneasゼルネアス,Xerneas,,716,131,98,99,fairy,,215,6,1
['Dark Aura'],1,0.5,1,2,2,1,1,1,0.5,0.5,0,2,1,1,0,2,1,1,131,30720,0,680,45,Destruction Pokémon,95,1250000,5.8,126,Yveltalイベルタル,Yveltal,,717,131,98,99,dark,flying,203,6,1
"['Aura Break', 'Power Construct']",1,1,2,0,2,1,0.5,1,1,1,1,4,1,0.5,1,0.5,1,1,100,30720,0,708,3,Order Pokémon,121,1250000,5,216,Zygarde (10% Forme)ジガルデ,Zygarde,,718,91,95,85,dragon,ground,284.6,6,1
['Clear Body'],0.5,0.5,0,1,1,1,0.5,0.5,1,2,2,1,0.5,1,1,1,4,2,160,6400,70,700,3,Jewel Pokémon,110,1250000,0.7,50,Diancieディアンシー,Diancie,,719,160,110,110,rock,fairy,8.8,6,1
['Magician'],1,4,1,1,1,0,1,1,4,1,1,1,0,0.5,0.5,1,1,1,160,30720,100,680,3,Mischief Pokémon (Confined)Djinn Pokémonn (Unbound),60,1250000,,80,Hoopa (imashimerareshi Hoopa)フーパ,Hoopa,,720,170,130,80,psychic,ghost,,6,1
['Water Absorb'],0.5,1,1,2,0.5,1,0.25,1,1,1,2,0.25,1,1,1,2,0.25,1,110,30720,100,600,3,Steam Pokémon,120,1250000,1.7,80,Volcanionボルケニオン,Volcanion,,721,130,90,70,fire,water,195,6,1
"['Overgrow', 'Long Reach']",1,1,1,1,1,0.5,2,2,1,0.25,0,4,1,2,1,2,1,0.5,55,3840,70,320,45,Grass Quill Pokémon,55,1059860,0.3,68,Mokurohモクロー,Rowlet,88.1,722,50,50,42,grass,flying,1.5,7,0
"['Overgrow', 'Long Reach']",1,1,1,1,1,0.5,2,2,1,0.25,0,4,1,2,1,2,1,0.5,75,3840,70,420,45,Blade Quill Pokémon,75,1059860,0.7,78,Fukuthrowフクスロー,Dartrix,88.1,723,70,70,52,grass,flying,16,7,0
"['Overgrow', 'Long Reach']",1,2,1,0.5,1,0,2,2,2,0.5,0.5,2,0,1,1,1,1,0.5,107,3840,70,530,45,Arrow Quill Pokémon,75,1059860,1.6,78,Junaiperジュナイパー,Decidueye,88.1,724,100,100,70,grass,ghost,36.6,7,0
"['Blaze', 'Intimidate']",0.5,1,1,1,0.5,1,0.5,1,1,0.5,2,0.5,1,1,1,2,0.5,2,65,3840,70,320,45,Fire Cat Pokémon,40,1059860,0.4,45,Nyabbyニャビー,Litten,88.1,725,60,40,70,fire,,4.3,7,0
"['Blaze', 'Intimidate']",0.5,1,1,1,0.5,1,0.5,1,1,0.5,2,0.5,1,1,1,2,0.5,2,85,3840,70,420,45,Fire Cat Pokémon,50,1059860,0.7,65,Nyaheatニャヒート,Torracat,88.1,726,80,50,90,fire,,25,7,0
"['Blaze', 'Intimidate']",1,0.5,1,1,1,2,0.5,1,0.5,0.5,2,0.5,1,1,0,2,0.5,2,115,3840,70,530,45,Heel Pokémon,90,1059860,1.8,95,Gaogaenガオガエン,Incineroar,88.1,727,80,90,60,fire,dark,83,7,0
"['Torrent', 'Liquid Voice']",1,1,1,2,1,1,0.5,1,1,2,1,0.5,1,1,1,1,0.5,0.5,54,3840,70,320,45,Sea Lion Pokémon,54,1059860,0.4,50,Ashimariアシマリ,Popplio,88.1,728,66,56,40,water,,7.5,7,0
"['Torrent', 'Liquid Voice']",1,1,1,2,1,1,0.5,1,1,2,1,0.5,1,1,1,1,0.5,0.5,69,3840,70,420,45,Pop Star Pokémon,69,1059860,0.6,60,Osyamariオシャマリ,Brionne,88.1,729,91,81,50,water,,17.5,7,0
"['Torrent', 'Liquid Voice']",0.5,0.5,0,2,1,0.5,0.5,1,1,2,1,0.5,1,2,1,1,1,0.5,74,3840,70,530,45,Soloist Pokémon,74,1059860,1.8,80,Ashireneアシレーヌ,Primarina,88.1,730,126,116,60,water,fairy,44,7,0
"['Keen Eye', 'Skill Link', 'Pickup']",0.5,1,1,2,1,1,1,1,0,0.5,0,2,1,1,1,2,1,1,75,3840,70,265,255,Woodpecker Pokémon,30,1000000,0.3,35,Tsutsukeraツツケラ,Pikipek,50,731,30,30,65,normal,flying,1.2,7,0
"['Keen Eye', 'Skill Link', 'Pickup']",0.5,1,1,2,1,1,1,1,0,0.5,0,2,1,1,1,2,1,1,85,3840,70,355,120,Bugle Beak Pokémon,50,1000000,0.6,55,Kerarappaケララッパ,Trumbeak,50,732,40,50,75,normal,flying,14.8,7,0
"['Keen Eye', 'Skill Link', 'Sheer Force']",0.5,1,1,2,1,1,1,1,0,0.5,0,2,1,1,1,2,1,1,120,3840,70,485,45,Cannon Pokémon,75,1000000,1.1,80,Dodekabashiドデカバシ,Toucannon,50,733,75,75,60,normal,flying,26,7,0
"['Stakeout', 'Strong Jaw', 'Adaptability']",1,1,1,1,1,2,1,1,0,1,1,1,1,1,1,1,1,1,70,3840,70,253,255,Loitering Pokémon,30,1000000,0.4,48,Youngooseヤングース,Yungoos,50,734,30,30,45,normal,,6,7,0
"['Stakeout', 'Strong Jaw', 'Adaptability']",1,1,1,1,1,2,1,1,0,1,1,1,1,1,1,1,1,1,110,3840,70,418,127,Stakeout Pokémon,60,1000000,0.7,88,Dekagooseデカグース,Gumshoos,50,735,55,60,45,normal,,14.2,7,0
['Swarm'],1,1,1,1,1,0.5,2,2,1,0.5,0.5,1,1,1,1,2,1,1,62,3840,70,300,255,Larva Pokémon,45,1000000,0.4,47,Agojimushiアゴジムシ,Grubbin,50,736,55,45,46,bug,,4.4,7,0
['Battery'],1,1,1,0.5,1,0.5,2,1,1,0.5,1,1,1,1,1,2,0.5,1,82,3840,70,400,120,Battery Pokémon,95,1000000,0.5,57,Dendimushiデンヂムシ,Charjabug,50,737,55,75,36,bug,electric,10.5,7,0
['Levitate'],1,1,1,0.5,1,0.5,2,1,1,0.5,1,1,1,1,1,2,0.5,1,70,3840,70,500,45,Stag Beetle Pokémon,90,1000000,1.5,77,Kuwagannonクワガノン,Vikavolt,50,738,145,75,43,bug,electric,45,7,0
"['Hyper Cutter', 'Iron Fist', 'Anger Point']",0.5,0.5,1,1,2,1,1,2,1,1,1,1,1,1,2,0.5,1,1,82,5120,70,338,225,Boxing Pokémon,57,1000000,0.6,47,Makenkaniマケンカニ,Crabrawler,50,739,42,47,63,fighting,,7,7,0
"['Hyper Cutter', 'Iron Fist', 'Anger Point']",0.5,0.5,1,1,2,2,2,2,1,1,1,0.5,1,1,2,1,2,1,132,5120,70,478,60,Woolly Crab Pokémon,77,1000000,1.7,97,Kekenkaniケケンカニ,Crabominable,50,740,62,67,43,fighting,ice,180,7,0
['Dancer'],0.25,1,1,2,0.5,0.5,0.5,1,1,0.25,0,1,1,1,1,4,0.5,2,70,5120,70,476,45,Dancing Pokémon,70,1000000,0.6,75,Odoridori (pachipachi Style)オドリドリ,Oricorio,24.6,741,98,70,93,fire,flying,3.4,7,0
"['Honey Gather', 'Shield Dust', 'Sweet Veil']",0.5,0.5,0,1,1,0.25,2,2,1,0.5,0.5,1,1,2,1,2,2,1,45,5120,70,304,190,Bee Fly Pokémon,40,1000000,0.1,40,Abulyアブリー,Cutiefly,50,742,55,40,84,bug,fairy,0.2,7,0
"['Honey Gather', 'Shield Dust', 'Sweet Veil']",0.5,0.5,0,1,1,0.25,2,2,1,0.5,0.5,1,1,2,1,2,2,1,55,5120,70,464,75,Bee Fly Pokémon,60,1000000,0.2,60,Aburibbonアブリボン,Ribombee,50,743,95,70,124,bug,fairy,0.5,7,0
"['Keen Eye', 'Vital Spirit', 'Steadfast']",1,1,1,1,1,2,0.5,0.5,1,2,2,1,0.5,0.5,1,1,2,2,65,3840,70,280,190,Puppy Pokémon,40,1000000,0.5,45,Iwankoイワンコ,Rockruff,50,744,30,40,60,rock,,9.2,7,0
"['Keen Eye', 'Sand Rush', 'Steadfast', 'Keen Eye', 'Vital Spirit', 'No Guard']",1,1,1,1,1,2,0.5,0.5,1,2,2,1,0.5,0.5,1,1,2,2,115,3840,70,487,90,Wolf Pokémon,75,1000000,,85,Lugarugan (mahiru No Sugata)ルガルガン,Lycanroc,50,745,55,75,82,rock,,,7,0
['Schooling'],1,1,1,2,1,1,0.5,1,1,2,1,0.5,1,1,1,1,0.5,0.5,140,3840,70,620,60,Small Fry Pokémon,130,800000,0.2,45,Yowashi (tandoku No Sugata)ヨワシ,Wishiwashi,50,746,140,135,30,water,,0.3,7,0
"['Merciless', 'Limber', 'Regenerator']",0.5,1,1,2,0.5,0.5,0.5,1,1,1,2,0.5,1,0.5,2,1,0.5,0.5,53,5120,70,305,190,Brutal Star Pokémon,62,1000000,0.4,50,Hidoideヒドイデ,Mareanie,50,747,43,52,45,poison,water,8,7,0
"['Merciless', 'Limber', 'Regenerator']",0.5,1,1,2,0.5,0.5,0.5,1,1,1,2,0.5,1,0.5,2,1,0.5,0.5,63,5120,70,495,75,Brutal Star Pokémon,152,1000000,0.7,50,Dohidoideドヒドイデ,Toxapex,50,748,53,142,35,poison,water,14.5,7,0
"['Own Tempo', 'Stamina', 'Inner Focus']",1,1,1,0,1,1,1,1,1,2,1,2,1,0.5,1,0.5,1,2,100,5120,70,385,190,Donkey Pokémon,70,1000000,1,70,Dorobankoドロバンコ,Mudbray,50,749,45,55,45,ground,,110,7,0
"['Own Tempo', 'Stamina', 'Inner Focus']",1,1,1,0,1,1,1,1,1,2,1,2,1,0.5,1,0.5,1,2,125,5120,70,500,60,Draft Horse Pokémon,100,1000000,2.5,100,Banbadoroバンバドロ,Mudsdale,50,750,55,85,35,ground,,920,7,0
"['Water Bubble', 'Water Absorb']",1,1,1,2,1,0.5,1,2,1,1,0.5,0.5,1,1,1,2,0.5,0.5,40,3840,70,269,200,Water Bubble Pokémon,52,1000000,0.3,38,Shizukumoシズクモ,Dewpider,50,751,40,72,27,water,bug,4,7,0
"['Water Bubble', 'Water Absorb']",1,1,1,2,1,0.5,1,2,1,1,0.5,0.5,1,1,1,2,0.5,0.5,70,3840,70,454,100,Water Bubble Pokémon,92,1000000,1.8,68,Onishizukumoオニシズクモ,Araquanid,50,752,50,132,42,water,bug,82,7,0
"['Leaf Guard', 'Contrary']",2,1,1,0.5,1,1,2,2,1,0.5,0.5,2,1,2,1,1,1,0.5,55,5120,70,250,190,Sickle Grass Pokémon,35,1000000,0.3,40,Karikiriカリキリ,Fomantis,50,753,50,35,35,grass,,1.5,7,0
"['Leaf Guard', 'Contrary']",2,1,1,0.5,1,1,2,2,1,0.5,0.5,2,1,2,1,1,1,0.5,105,5120,70,480,75,Bloom Sickle Pokémon,90,1000000,0.9,70,Lalantesラランテス,Lurantis,50,754,80,90,45,grass,,18.5,7,0
"['Illuminate', 'Effect Spore', 'Rain Dish']",1,0.5,0,0.5,1,0.5,2,2,1,0.5,0.5,2,1,4,1,1,2,0.5,35,5120,70,285,190,Illuminating Pokémon,55,1000000,0.2,40,Nemasyuネマシュ,Morelull,50,755,65,75,15,grass,fairy,1.5,7,0
"['Illuminate', 'Effect Spore', 'Rain Dish']",1,0.5,0,0.5,1,0.5,2,2,1,0.5,0.5,2,1,4,1,1,2,0.5,45,5120,70,405,75,Illuminating Pokémon,80,1000000,1,60,Mashadeマシェード,Shiinotic,50,756,90,100,30,grass,fairy,11.5,7,0
"['Corrosion', 'Oblivious']",0.25,1,1,1,0.25,0.5,0.5,1,1,0.25,4,0.5,1,0.5,2,2,0.5,2,44,5120,70,320,120,Toxic Lizard Pokémon,40,1000000,0.6,48,Yatoumoriヤトウモリ,Salandit,88.1,757,71,40,77,poison,fire,4.8,7,0
"['Corrosion', 'Oblivious']",0.25,1,1,1,0.25,0.5,0.5,1,1,0.25,4,0.5,1,0.5,2,2,0.5,2,64,5120,70,480,45,Toxic Lizard Pokémon,60,1000000,1.2,68,Ennewtエンニュート,Salazzle,0,758,111,60,117,poison,fire,22.2,7,0
"['Fluffy', 'Klutz', 'Cute Charm']",0.5,0.5,1,1,2,2,1,2,0,1,1,1,1,1,2,0.5,1,1,75,3840,70,340,140,Flailing Pokémon,50,1000000,0.5,70,Nuikogumaヌイコグマ,Stufful,50,759,45,50,50,normal,fighting,6.8,7,0
"['Fluffy', 'Klutz', 'Unnerve']",0.5,0.5,1,1,2,2,1,2,0,1,1,1,1,1,2,0.5,1,1,125,3840,70,500,70,Strong Arm Pokémon,80,1000000,2.1,120,Kiterugumaキテルグマ,Bewear,50,760,55,60,60,normal,fighting,135,7,0
"['Leaf Guard', 'Oblivious', 'Sweet Veil']",2,1,1,0.5,1,1,2,2,1,0.5,0.5,2,1,2,1,1,1,0.5,30,5120,70,210,235,Fruit Pokémon,38,1059860,0.3,42,Amakajiアマカジ,Bounsweet,0,761,30,38,32,grass,,3.2,7,0
"['Leaf Guard', 'Oblivious', 'Sweet Veil']",2,1,1,0.5,1,1,2,2,1,0.5,0.5,2,1,2,1,1,1,0.5,40,5120,70,290,120,Fruit Pokémon,48,1059860,0.7,52,Amamaikoアママイコ,Steenee,0,762,40,48,62,grass,,8.2,7,0
"['Leaf Guard', 'Queenly Majesty', 'Sweet Veil']",2,1,1,0.5,1,1,2,2,1,0.5,0.5,2,1,2,1,1,1,0.5,120,5120,70,510,45,Fruit Pokémon,98,1059860,1.2,72,Amajoアマージョ,Tsareena,0,763,50,98,72,grass,,21.4,7,0
"['Flower Veil', 'Triage', 'Natural Cure']",0.5,0.5,0,1,1,0.5,1,1,1,1,1,1,1,2,1,1,2,1,52,5120,70,485,60,Posy Picker Pokémon,90,800000,0.1,51,Cuwawaキュワワー,Comfey,24.6,764,82,110,100,fairy,,0.3,7,0
"['Inner Focus', 'Telepathy', 'Symbiosis']",2,2,1,1,1,1,1,1,0,1,1,1,1,1,0.5,1,1,1,60,5120,70,490,45,Sage Pokémon,80,1250000,1.5,90,Yareyuutanヤレユータン,Oranguru,50,765,90,110,60,normal,psychic,76,7,0
"['Receiver', 'Defiant']",0.5,0.5,1,1,2,1,1,2,1,1,1,1,1,1,2,0.5,1,1,120,5120,70,490,45,Teamwork Pokémon,90,1250000,2,100,Nagetukesaruナゲツケサル,Passimian,50,766,40,60,80,fighting,,82.8,7,0
['Wimp Out'],1,1,1,2,1,0.5,1,2,1,1,0.5,0.5,1,1,1,2,0.5,0.5,35,5120,70,230,90,Turn Tail Pokémon,40,1000000,0.5,25,Kosokumushiコソクムシ,Wimpod,50,767,20,30,80,bug,water,12,7,0
['Emergency Exit'],1,1,1,2,1,0.5,1,2,1,1,0.5,0.5,1,1,1,2,0.5,0.5,125,5120,70,530,45,Hard Scale Pokémon,140,1000000,2,75,Gusokumushaグソクムシャ,Golisopod,50,768,60,90,40,bug,water,108,7,0
"['Water Compaction', 'Sand Veil']",0.5,2,1,0,1,0,1,1,2,2,1,2,0,0.25,1,0.5,1,2,55,3840,70,320,140,Sand Heap Pokémon,80,1000000,0.5,55,Sunabaスナバァ,Sandygast,50,769,70,45,15,ghost,ground,70,7,0
"['Water Compaction', 'Sand Veil']",0.5,2,1,0,1,0,1,1,2,2,1,2,0,0.25,1,0.5,1,2,75,3840,70,480,60,Sand Castle Pokémon,110,1000000,1.3,85,Sirodethnaシロデスナ,Palossand,50,770,100,75,35,ghost,ground,250,7,0
"['Innards Out', 'Unaware']",1,1,1,2,1,1,0.5,1,1,2,1,0.5,1,1,1,1,0.5,0.5,60,3840,70,410,60,Sea Cucumber Pokémon,130,800000,0.3,55,Namakobushiナマコブシ,Pyukumuku,50,771,30,130,5,water,,1.2,7,0
['Battle Armor'],1,1,1,1,1,2,1,1,0,1,1,1,1,1,1,1,1,1,95,30720,0,534,3,Synthetic Pokémon,95,1250000,1.9,95,Type: Nullタイプ：ヌル,Type: Null,,772,95,95,59,normal,,120.5,7,0
['RKS System'],1,1,1,1,1,2,1,1,0,1,1,1,1,1,1,1,1,1,95,30720,0,570,3,Synthetic Pokémon,95,1250000,2.3,95,Silvadyシルヴァディ,Silvally,,773,95,95,95,normal,,100.5,7,0
['Shields Down'],0.5,1,1,2,1,1,0.5,0.5,1,1,0,2,0.5,0.5,1,2,2,2,100,6400,70,500,30 (Meteorite)255 (Core),Meteor Pokémon,60,1059860,0.3,60,Metenoメテノ,Minior,,774,100,60,120,rock,flying,40,7,0
['Comatose'],1,1,1,1,1,2,1,1,0,1,1,1,1,1,1,1,1,1,115,5120,70,480,45,Drowsing Pokémon,65,1250000,0.4,65,Nekkoaraネッコアラ,Komala,50,775,75,95,65,normal,,19.9,7,0
['Shell Armor'],0.5,1,2,0.5,1,1,0.25,1,1,0.25,2,1,1,1,1,2,0.5,1,78,5120,70,485,70,Blast Turtle Pokémon,135,1000000,2,60,Bakugamesバクガメス,Turtonator,50,776,91,85,36,fire,dragon,212,7,0
"['Iron Barbs', 'Lightningrod', 'Sturdy']",0.5,1,0.5,0.5,0.5,2,2,0.25,1,0.5,4,0.5,0.5,0,0.5,0.5,0.25,1,98,2560,70,435,180,Roly-Poly Pokémon,63,1000000,0.3,65,Togedemaruトゲデマル,Togedemaru,50,777,40,73,96,electric,steel,3.3,7,0
['Disguise'],0.25,1,0,1,1,0,1,1,2,1,1,1,0,1,1,1,2,1,90,5120,70,476,45,Disguise Pokémon,80,1000000,0.2,55,Mimikkyuミミッキュ,Mimikyu,50,778,50,105,96,ghost,fairy,0.7,7,0
"['Dazzling', 'Strong Jaw', 'Wonder Skin ']",2,2,1,2,1,0.5,0.5,1,2,2,1,0.5,1,1,0.5,1,0.5,0.5,105,3840,70,475,80,Gnash Teeth Pokémon,70,1000000,0.9,68,Hagigishiriハギギシリ,Bruxish,50,779,70,70,92,water,psychic,19,7,0
"['Berserk', 'Sap Sipper', 'Cloud Nine']",1,1,2,0.5,2,2,0.5,1,0,0.5,1,2,1,1,1,1,1,0.5,60,5120,70,485,70,Placid Pokémon,85,1000000,3,78,Jijilongジジーロン,Drampa,50,780,135,91,36,normal,dragon,185,7,0
['Steelworker'],1,2,1,0.5,1,0,2,2,2,0.5,0.5,2,0,1,1,1,1,0.5,131,6400,70,517,25,Sea Creeper Pokémon,100,1000000,3.9,70,Dadarinダダリン,Dhelmise,,781,86,90,40,ghost,grass,210,7,0
"['Bulletproof', 'Soundproof', 'Overcoat']",1,1,2,0.5,2,1,0.5,1,1,0.5,1,2,1,1,1,1,1,0.5,55,10240,70,300,45,Scaly Pokémon,65,1250000,0.6,45,Jyarakoジャラコ,Jangmo-o,50,782,45,45,45,dragon,,29.7,7,0
"['Bulletproof', 'Soundproof', 'Overcoat']",0.5,0.5,2,0.5,4,1,0.5,2,1,0.5,1,2,1,1,2,0.5,1,0.5,75,10240,70,420,45,Scaly Pokémon,90,1250000,1.2,55,Jyarangoジャランゴ,Hakamo-o,50,783,65,70,65,dragon,fighting,47,7,0
"['Bulletproof', 'Soundproof', 'Overcoat']",0.5,0.5,2,0.5,4,1,0.5,2,1,0.5,1,2,1,1,2,0.5,1,0.5,110,10240,70,600,45,Scaly Pokémon,125,1250000,1.6,75,Jyararangaジャラランガ,Kommo-o,50,784,100,105,85,dragon,fighting,78.2,7,0
"['Electric Surge', 'Telepathy']",0.5,0.5,0,0.5,1,0.5,1,0.5,1,1,2,1,1,2,1,1,1,1,115,3840,70,570,3,Land Spirit Pokémon,85,1250000,1.8,70,Kapu-kokekoカプ・コケコ,Tapu Koko,,785,95,75,130,electric,fairy,20.5,7,1
"['Psychic Surge', 'Telepathy']",1,1,0,1,1,0.25,1,1,2,1,1,1,1,2,0.5,1,2,1,85,3840,70,570,3,Land Spirit Pokémon,75,1250000,1.2,70,Kapu-tetefuカプ・テテフ,Tapu Lele,,786,130,115,95,psychic,fairy,18.6,7,1
"['Grassy Surge', 'Telepathy']",1,0.5,0,0.5,1,0.5,2,2,1,0.5,0.5,2,1,4,1,1,2,0.5,130,3840,70,570,3,Land Spirit Pokémon,115,1250000,1.9,70,Kapu-bululカプ・ブルル,Tapu Bulu,,787,85,95,75,grass,fairy,45.5,7,1
"['Misty Surge', 'Telepathy']",0.5,0.5,0,2,1,0.5,0.5,1,1,2,1,0.5,1,2,1,1,1,0.5,75,3840,70,570,3,Land Spirit Pokémon,115,1250000,1.3,70,Kapu-rehireカプ・レヒレ,Tapu Fini,,788,95,130,85,water,fairy,21.2,7,1
['Unaware'],2,2,1,1,1,0.5,1,1,2,1,1,1,1,1,0.5,1,1,1,29,30720,0,200,45,Nebula Pokémon,31,1250000,0.2,43,Cosmogコスモッグ,Cosmog,,789,29,31,37,psychic,,0.1,7,1
['Sturdy'],2,2,1,1,1,0.5,1,1,2,1,1,1,1,1,0.5,1,1,1,29,30720,0,400,45,Protostar Pokémon,131,1250000,0.1,43,Cosmovumコスモウム,Cosmoem,,790,29,131,37,psychic,,999.9,7,1
['Full Metal Body'],1,2,0.5,1,0.5,1,2,0.5,2,0.5,2,0.5,0.5,0,0.25,0.5,0.5,1,137,30720,0,680,45,Sunne Pokémon,107,1250000,3.4,137,Solgaleoソルガレオ,Solgaleo,,791,113,89,97,psychic,steel,230,7,1
['Shadow Shield'],1,4,1,1,1,0,1,1,4,1,1,1,0,0.5,0.5,1,1,1,113,30720,0,680,45,Moone Pokémon,89,1250000,4,137,Lunalaルナアーラ,Lunala,,792,137,107,97,psychic,ghost,120,7,1
['Beast Boost'],0.5,1,1,1,0.5,1,0.5,0.5,1,1,4,1,0.5,0.25,2,1,2,2,53,30720,0,570,45,Parasite Pokémon,47,1250000,1.2,109,Uturoidウツロイド,Nihilego,,793,127,131,103,rock,poison,55.5,7,1
['Beast Boost'],0.5,0.5,1,1,2,0.5,2,4,1,0.5,0.5,1,1,1,2,1,1,1,139,30720,0,570,25,Swollen Pokémon,139,1250000,2.4,107,Massivoonマッシブーン,Buzzwole,,794,53,53,79,bug,fighting,333.6,7,1
['Beast Boost'],0.5,0.5,1,1,2,0.5,2,4,1,0.5,0.5,1,1,1,2,1,1,1,137,30720,0,570,255,Lissome Pokémon,37,1250000,1.8,71,Pheroacheフェローチェ,Pheromosa,,795,137,37,151,bug,fighting,25,7,1
['Beast Boost'],1,1,1,0.5,1,1,1,0.5,1,1,2,1,1,1,1,1,0.5,1,89,30720,0,570,30,Glowing Pokémon,71,1250000,3.8,83,Denjyumokuデンジュモク,Xurkitree,,796,173,71,83,electric,,100,7,1
['Beast Boost'],0.25,1,0.5,2,0.5,1,2,0.5,1,0.25,0,1,0.5,0,0.5,1,0.5,1,101,30720,0,570,25,Launch Pokémon,103,1250000,9.2,97,Tekkaguyaテッカグヤ,Celesteela,,797,107,101,61,steel,flying,999.9,7,1
['Beast Boost'],1,1,0.5,0.5,0.5,2,4,1,1,0.25,1,1,0.5,0,0.5,0.5,0.5,0.5,181,30720,0,570,255,Drawn Sword Pokémon,131,1250000,0.3,59,Kamiturugiカミツルギ,Kartana,,798,59,31,109,grass,steel,0.1,7,1
['Beast Boost'],2,0.5,2,0.5,4,2,0.5,1,0.5,0.5,1,2,1,1,0,1,1,0.5,101,30720,0,570,15,Junkivore Pokémon,53,1250000,5.5,223,Akuzikingアクジキング,Guzzlord,,799,97,53,43,dark,dragon,888,7,1
['Prism Armor'],2,2,1,1,1,0.5,1,1,2,1,1,1,1,1,0.5,1,1,1,107,30720,0,600,3,Prism Pokémon,101,1250000,2.4,97,Necrozmaネクロズマ,Necrozma,,800,127,89,79,psychic,,230,7,1
['Soul-Heart'],0.25,0.5,0,1,0.5,1,2,0.5,1,0.5,2,0.5,0.5,0,0.5,0.5,1,1,95,30720,0,600,3,Artificial Pokémon,115,1250000,1,80,Magearnaマギアナ,Magearna,,801,130,115,65,steel,fairy,80.5,7,1
